date,Pressure,precipitation,temp_max,temp_min,wind speed ,wind direction,weather
1/1/2012,1090,0,12.8,5,4.7,35,drizzle
2/1/2012,1060,10.9,10.6,2.8,4.5,112,rain
3/1/2012,1012,0.8,11.7,7.2,2.3,138,rain
4/1/2012,1095,20.3,12.2,5.6,4.7,146,rain
5/1/2012,1041,1.3,8.9,2.8,6.1,233,rain
6/1/2012,1005,2.5,4.4,2.2,2.2,211,rain
7/1/2012,1098,0,7.2,2.8,2.3,32,rain
8/1/2012,1085,0,10,11,2,3,sun
9/1/2012,1058,4.3,9.4,5,3.4,124,rain
10/1/2012,1063,1,666,0.6,3.4,341,rain
11/1/2012,1043,0,6.1,-1.1,5.1,338,sun
12/1/2012,1077,0,6.1,-1.7,1.9,208,sun
13/1/2012,1095,0,5,-2.8,1.3,354,sun
14/1/2012,1005,4.1,4.4,0.6,5.3,250,snow
15/1/2012,1013,5.3,1.1,-3.3,3.2,314,snow
16/1/2012,1034,2.5,1.7,-2.8,5,168,snow
17/1/2012,1118,8.1,3.3,0,5.6,299,snow
18/1/2012,1123,19.8,0,-2.8,5,130,snow
19/1/2012,1098,15.2,-1.1,-2.8,1.6,140,snow
20/1/2012,0,13.5,7.2,-1.1,2.3,10,snow
21/1/2012,1078,3,8.3,3.3,8.2,312,rain
22/1/2012,1095,6.1,6.7,2.2,4.8,123,rain
23/1/2012,1105,0,8.3,1.1,3.6,276,rain
24/1/2012,1109,8.6,10,2.2,5.1,222,rain
25/1/2012,1004,8.1,4.4,88,5.4,297,rain
26/1/2012,1104,4.8,8.9,1.1,4.8,247,rain
27/1/2012,1045,0,6.7,-2.2,1.4,41,drizzle
28/1/2012,1130,0,6.7,0.6,2.2,100,rain
29/1/2012,1045,27.7,9.4,3.9,4.5,32,rain
30/1/2012,1061,3.6,8.3,6.1,5.1,18,rain
31/1/2012,1104,1.8,9.4,6.1,3.9,75,rain
1/2/2012,1024,13.5,8.9,3.3,2.7,268,rain
2/2/2012,1129,0,8.3,1.7,2.6,169,sun
3/2/2012,1072,0,14.4,2.2,5.3,174,sun
4/2/2012,1004,0,15.6,5,4.3,47,sun
5/2/2012,1061,0,13.9,1.7,2.9,340,sun
6/2/2012,1026,0,16.1,1.7,5,30,sun
7/2/2012,1017,0.3,15.6,7.8,5.3,60,rain
8/2/2012,1054,2.8,10,5,2.7,127,rain
9/2/2012,1077,2.5,11.1,7.8,2.4,328,rain
10/2/2012,1028,2.5,12.8,6.7,3,273,rain
11/2/2012,1033,0.8,8.9,5.6,3.4,230,rain
12/2/2012,1023,1,8.3,5,1.3,9,rain
13/2/2012,1080,11.4,7.2,4.4,1.4,198,rain
14/2/2012,1104,2.5,6.7,1.1,3.1,160,rain
15/2/2012,1061,0,7.2,0.6,1.8,352,drizzle
16/2/2012,1067,1.8,7.2,3.3,2.1,346,rain
17/2/2012,1106,17.3,10,4.4,3.4,35,rain
18/2/2012,1104,6.4,6.7,3.9,8.1,231,rain
19/2/2012,1010,0,6.7,2.2,4.7,337,sun
20/2/2012,1094,3,7.8,1.7,2.9,94,rain
21/2/2012,1055,0.8,10,7.8,7.5,145,rain
22/2/2012,1101,8.6,10,2.8,5.9,291,rain
23/2/2012,1002,0,8.3,2.8,3.9,338,sun
24/2/2012,1008,11.4,6.7,4.4,3.5,265,rain
25/2/2012,1107,0,7.2,2.8,6.4,289,rain
26/2/2012,1032,1.3,5,-1.1,3.4,346,snow
27/2/2012,-1,0,6.7,-2.2,3,212,sun
28/2/2012,1125,3.6,6.7,-0.6,4.2,1,snow
29/2/2012,1000,0.8,5,1.1,7,347,snow
1/3/2012,1018,0,6.1,1.1,3.1,260,sun
2/3/2012,1130,2,6.7,3.9,5.1,191,rain
3/3/2012,1006,0,12.2,6.7,7,134,sun
4/3/2012,1031,0,10.6,6.7,5.6,301,rain
5/3/2012,1083,6.9,7.8,1.1,6.2,114,rain
6/3/2012,1006,0.5,6.7,0,2.7,3,snow
7/3/2012,1043,0,8.9,-1.7,2.7,39,sun
8/3/2012,1057,0,15.6,0.6,2.5,169,sun
9/3/2012,1100,3.6,9.4,5,2.8,113,rain
10/3/2012,1000,10.4,7.2,6.1,3.4,322,rain
11/3/2012,1003,13.7,6.7,2.8,5.8,123,rain
12/3/2012,1117,19.3,8.3,0.6,6.2,347,snow
13/3/2012,1121,9.4,5.6,0.6,5.3,187,snow
14/3/2012,1019,8.6,7.8,1.1,4.7,75,rain
15/3/2012,1093,23.9,11.1,5.6,5.8,343,snow
16/3/2012,1007,8.4,8.9,3.9,5.1,112,rain
17/3/2012,1125,9.4,10,0.6,3.8,322,snow
18/3/2012,1071,3.6,5,-0.6,2.7,345,rain
19/3/2012,1087,2,7.2,-1.1,3,286,rain
20/3/2012,1009,3.6,7.8,2.2,6.4,15,rain
21/3/2012,999,1.3,8.9,1.1,2.5,40,rain
22/3/2012,1081,4.1,10,1.7,2.1,254,rain
23/3/2012,1130,0,12.2,0.6,2.8,299,sun
24/3/2012,1034,0,15,3.3,5.2,258,sun
25/3/2012,1103,0,13.3,2.2,2.7,234,rain
26/3/2012,1018,0,12.8,6.1,4.3,243,drizzle
27/3/2012,1065,4.8,14.4,6.7,3.8,169,rain
28/3/2012,1020,1.3,10.6,7.2,5.9,188,rain
29/3/2012,-200,27.4,10,6.1,4.4,198,rain
30/3/2012,1038,5.6,9.4,5,4.7,35,rain
31/3/2012,1018,13.2,10,2.8,3.4,101,rain
1/4/2012,1009,1.5,8.9,4.4,6.8,16,rain
2/4/2012,1110,0,16.7,4.4,3.1,349,sun
3/4/2012,1129,1.5,11.7,3.3,3.1,283,rain
4/4/2012,1007,0,10.6,2.8,2.1,43,sun
5/4/2012,1041,4.6,9.4,2.8,1.8,12,snow
6/4/2012,1128,0.3,11.1,3.3,2.6,134,rain
7/4/2012,1005,0,16.1,1.7,4.3,140,sun
8/4/2012,1087,0,21.1,7.2,4.1,147,sun
9/4/2012,1046,0,20,6.1,2.1,95,sun
10/4/2012,9999,0,17.8,8.9,3.2,319,rain
11/4/2012,1050,2.3,11.1,7.2,2.6,295,rain
12/4/2012,1121,0.5,13.9,5.6,2.6,77,rain
13/4/2012,1129,0,15,3.9,4,27,drizzle
14/4/2012,1065,0,15.6,3.3,3,6,sun
15/4/2012,1023,0,16.1,7.2,2.9,169,rain
16/4/2012,1025,8.1,13.3,6.7,5.8,235,rain
17/4/2012,1042,1.8,10,4.4,2,273,rain
18/4/2012,1021,1.8,13.3,7.2,3.9,246,rain
19/4/2012,1084,10.9,13.9,5,2.6,16,rain
20/4/2012,1088,6.6,13.3,6.7,2.7,86,rain
21/4/2012,1019,0,20,4.4,2.3,256,sun
22/4/2012,1092,0,23.3,8.3,2.6,293,rain
23/4/2012,1013,0,21.7,8.9,3.5,298,sun
24/4/2012,1108,4.3,13.9,10,2.8,79,rain
25/4/2012,1107,10.7,16.7,8.9,2.6,169,rain
26/4/2012,1064,3.8,13.9,6.7,5.2,107,rain
27/4/2012,1102,0.8,13.3,6.1,4.8,213,rain
28/4/2012,1114,0,16.1,8.3,2.5,111,drizzle
29/4/2012,1023,4.3,15.6,8.9,1.6,58,rain
30/4/2012,1072,4.3,12.8,7.2,8,173,rain
1/5/2012,1033,0.5,11.7,6.1,6.4,206,rain
2/5/2012,1035,0.5,13.3,5.6,2.5,150,rain
3/5/2012,1108,18.5,11.1,7.2,3.4,177,rain
4/5/2012,1032,1.8,12.2,6.1,4.6,201,rain
5/5/2012,1115,0,13.3,5,2.3,161,sun
6/5/2012,1034,0,17.8,5,2.4,29,sun
7/5/2012,1054,0,23.9,6.1,2.2,67,sun
8/5/2012,1121,0,18.3,9.4,3,133,sun
9/5/2012,1003,0,13.3,6.7,3.9,143,rain
10/5/2012,1045,0,14.4,3.9,3,355,sun
11/5/2012,1130,0,18.3,4.4,4.3,116,sun
12/5/2012,1105,0,24.4,6.7,3.4,308,sun
13/5/2012,1004,0,25.6,9.4,4.2,102,sun
14/5/2012,1096,0,26.7,12.8,3.8,24,sun
15/5/2012,1070,0,24.4,9.4,4.1,353,drizzle
16/5/2012,1035,0,19.4,9.4,3.5,357,sun
17/5/2012,1103,0,17.8,6.7,2.9,187,rain
18/5/2012,1107,0,15.6,7.8,3.1,167,rain
19/5/2012,1034,0,19.4,7.2,1.5,230,sun
20/5/2012,1015,6.4,14.4,11.7,1.3,263,rain
21/5/2012,1037,14,16.7,10,4,234,rain
22/5/2012,1061,6.1,12.8,8.9,4.8,159,rain
23/5/2012,1065,0.3,14.4,8.9,6.3,219,rain
24/5/2012,1019,0,17.2,8.9,3.3,174,rain
25/5/2012,1099,0,22.2,8.9,3.1,344,rain
26/5/2012,1112,0,22.2,8.9,3.6,265,sun
27/5/2012,1064,0,17.2,11.7,3.7,159,sun
28/5/2012,1055,0,16.7,10,3.4,135,rain
29/5/2012,1002,0,16.1,7.8,1.8,148,sun
30/5/2012,1083,0.3,18.9,11.1,1.5,220,rain
31/5/2012,1109,3.8,17.8,12.2,2.7,216,rain
1/6/2012,1082,6.6,20,12.8,3.7,89,rain
2/6/2012,1077,0.3,18.9,10.6,3.7,165,rain
3/6/2012,1117,0,770,9.4,2.9,175,sun
4/6/2012,1046,1.3,12.8,8.9,3.1,280,rain
5/6/2012,1021,16,13.3,8.3,3.3,165,rain
6/6/2012,1091,0,16.1,6.1,3.4,257,sun
7/6/2012,1076,16.5,16.1,8.9,3.5,10,rain
8/6/2012,1006,1.5,15,8.3,3,155,rain
9/6/2012,1083,0,17.2,8.3,4.7,209,rain
10/6/2012,1037,0,18.9,10,2.9,225,sun
11/6/2012,45624,0,23.3,10,1.8,233,rain
12/6/2012,1130,0.8,18.3,12.8,3.9,180,rain
13/6/2012,1074,0,16.1,11.1,4.3,3,sun
14/6/2012,1010,0,17.2,10,2.7,247,sun
15/6/2012,1059,0,22.2,9.4,1.7,18,sun
16/6/2012,1121,0,21.1,15,4.1,251,rain
17/6/2012,1074,0,18.9,11.7,6.4,256,sun
18/6/2012,1090,3,17.2,10,3.8,119,rain
19/6/2012,1097,1,19.4,10,3,149,rain
20/6/2012,1023,0,24.4,10,3,83,sun
21/6/2012,1083,0,23.9,11.7,2.1,91,sun
22/6/2012,1077,15.7,13.9,11.7,1.9,162,rain
23/6/2012,1073,8.6,15.6,9.4,2.5,272,rain
24/6/2012,1060,0,19.4,9.4,2,59,drizzle
25/6/2012,1091,0.5,19.4,11.1,3.1,89,rain
26/6/2012,1044,0,18.3,10.6,3.4,89,rain
27/6/2012,1018,0,22.8,8.9,1.8,230,sun
28/6/2012,1101,0,22.2,11.7,2.5,126,rain
29/6/2012,1091,0.3,21.7,15,1.9,277,rain
30/6/2012,1004,3,20,13.3,2.4,229,rain
1/7/2012,1086,0,20,12.2,2.3,131,rain
2/7/2012,1101,2,18.9,11.7,2.1,319,rain
3/7/2012,1099,5.8,18.3,10.6,6,45,rain
4/7/2012,1069,0,20.6,9.4,3.8,77,sun
5/7/2012,1098,0,24.4,10.6,3.1,205,drizzle
6/7/2012,1112,0,25,11.1,2.1,314,sun
7/7/2012,1054,0,26.7,12.8,3.8,132,sun
8/7/2012,1088,0,28.3,14.4,2.8,288,rain
9/7/2012,1025,1.5,25,12.8,2,154,rain
10/7/2012,1115,0,23.9,11.1,2.3,136,drizzle
11/7/2012,1112,0,27.8,13.3,2.9,342,fog
12/7/2012,1105,0,25.6,13.3,2.7,107,drizzle
13/7/2012,1061,0.5,23.3,13.9,2.2,215,rain
14/7/2012,1015,0,25,15,2.2,212,rain
15/7/2012,1028,0,18.9,13.3,3.8,138,rain
16/7/2012,1080,0.3,26.1,13.3,2.5,196,rain
17/7/2012,1095,0,21.7,15,2.6,351,sun
18/7/2012,998,0,21.1,14.4,2.9,48,sun
19/7/2012,1010,0,25,14.4,2.2,299,sun
20/7/2012,1017,15.2,19.4,13.9,4,139,rain
21/7/2012,1118,0,23.9,13.9,2.3,57,sun
22/7/2012,1009,1,20.6,12.2,3.9,91,rain
23/7/2012,1044,0,18.9,11.1,3.3,298,rain
24/7/2012,1075,0,23.3,12.2,4.3,195,sun
25/7/2012,1058,0,26.7,12.8,2.6,307,sun
26/7/2012,1021,0,25.6,12.8,2.2,270,drizzle
27/7/2012,1046,0,18.9,13.9,2.8,56,drizzle
28/7/2012,1018,0,22.2,13.3,1.7,270,drizzle
29/7/2012,88881024,0,22.8,15,2,303,sun
30/7/2012,1044,0,19.4,13.3,3,147,sun
31/7/2012,1066,0,22.8,13.9,2.8,110,sun
1/8/2012,1122,0,23.9,13.3,2.2,103,drizzle
2/8/2012,1116,0,23.3,12.2,2.5,287,sun
3/8/2012,1128,0,27.2,12.8,3.9,328,sun
4/8/2012,1122,0,33.9,16.7,3.7,120,sun
5/8/2012,1117,0,33.9,17.8,1.9,179,sun
6/8/2012,1090,0,28.3,15.6,2.5,79,rain
7/8/2012,1004,0,21.1,15,2.6,355,drizzle
8/8/2012,1093,0,22.2,15,3.1,237,sun
9/8/2012,1091,0,24.4,14.4,3.8,12,drizzle
10/8/2012,1070,0,25.6,12.2,2.3,36,sun
11/8/2012,1098,0,28.3,13.3,2.5,8,sun
12/8/2012,1046,0,30.6,15,3,171,sun
13/8/2012,1073,0,30.6,15,2.8,292,sun
14/8/2012,1006,0,28.9,13.9,2.8,191,sun
15/8/2012,1037,0,31.1,16.7,4.7,163,sun
16/8/2012,1048,0,34.4,18.3,2.8,115,sun
17/8/2012,1081,0,32.8,16.1,1.8,320,sun
18/8/2012,1035,0,21.7,14.4,3,106,drizzle
19/8/2012,1050,0,23.3,15,2.7,142,drizzle
20/8/2012,1018,0,25.6,15,1.9,351,sun
21/8/2012,1118,0,23.3,13.3,3,192,rain
23/8/2012,1124,0,21.1,13.9,3.8,71,sun
24/8/2012,1123,0,22.2,10,3.3,2,sun
25/8/2012,1050,0,26.1,11.7,3.2,325,sun
26/8/2012,1003,0,21.1,12.2,3.4,322,sun
27/8/2012,1070,0,23.9,13.3,1.8,356,sun
28/8/2012,1045,0,22.8,12.2,3.2,98,sun
29/8/2012,1101,0,22.8,13.3,2.4,128,sun
30/8/2012,1101,0,22.8,12.8,1.9,228,sun
31/8/2012,1052,0,22.2,10.6,2.9,174,sun
1/9/2012,1029,0,21.7,10.6,2.1,111,sun
2/9/2012,1095,0,21.1,10,2,57,sun
3/9/2012,1096,0,22.8,12.8,3.3,118,sun
4/9/2012,1047,0,24.4,11.1,3.1,327,sun
5/9/2012,1129,0,26.1,11.7,2.6,181,sun
6/9/2012,1002,0,28.3,14.4,4.2,32,sun
7/9/2012,1103,0,32.2,13.3,3.1,143,sun
8/9/2012,1008,0,25,13.3,3,55,sun
9/9/2012,1081,0.3,18.9,13.9,5,221,rain
10/9/2012,1020,0.3,20,11.7,3.9,123,rain
11/9/2012,1041,0,20,8.9,4.2,344,sun
13/9/2012,1043,0,27.8,11.7,3.6,115,sun
14/9/2012,1073,0,26.1,11.1,1.5,180,sun
15/9/2012,1041,0,22.2,11.1,1.9,43,sun
16/9/2012,1073,0,24.4,9.4,2.3,99,sun
17/9/2012,1124,0,27.8,11.7,2.2,216,fog
18/9/2012,1007,0,27.8,11.7,1.4,13,sun
19/9/2012,1054,0,23.9,11.7,1.9,177,drizzle
20/9/2012,1041,0,19.4,10,2.5,192,drizzle
21/9/2012,1109,0,16.1,12.8,2.1,22,drizzle
22/9/2012,1085,0.3,19.4,11.7,1.1,158,rain
23/9/2012,1064,0,19.4,10,1.4,202,fog
24/9/2012,1042,0,21.1,10,1.8,106,fog
25/9/2012,1071,0,19.4,11.1,1.7,315,sun
26/9/2012,1073,0,19.4,9.4,1.7,271,drizzle
27/9/2012,1088,0,22.8,10,1.7,164,drizzle
28/9/2012,1078,0,25,12.2,1.1,51,rain
29/9/2012,1060,0,20.6,12.2,4.3,216,sun
30/9/2012,1048,0,21.1,7.8,3.1,359,sun
1/10/2012,1124,0,23.3,8.9,3,202,sun
2/10/2012,1122,0,17.8,10,4.1,122,sun
3/10/2012,1011,0,18.9,7.8,7.3,100,sun
4/10/2012,1084,0,18.9,8.3,6.5,82,sun
5/10/2012,1006,0,21.7,8.9,5.7,281,sun
6/10/2012,1032,0,23.9,7.8,5.1,141,sun
7/10/2012,1124,0,23.9,7.8,1.3,300,sun
8/10/2012,1031,0,21.1,7.8,1.9,195,sun
9/10/2012,1093,0,16.1,8.9,1.6,23,drizzle
10/10/2012,1114,0,12.2,8.3,1.4,187,drizzle
11/10/2012,1105,0,13.9,7.2,1.3,40,drizzle
12/10/2012,1080,2,13.9,8.9,4.6,51,rain
13/10/2012,1030,4.8,15.6,12.2,3.9,346,rain
14/10/2012,1075,16.5,17.8,13.3,3.4,327,rain
15/10/2012,1055,7.9,17.2,11.1,4.6,318,rain
16/10/2012,1004,0,16.1,8.3,5.5,137,sun
17/10/2012,1008,0,14.4,6.1,1.6,191,sun
18/10/2012,1111,20.8,17.8,6.7,2,297,rain
19/10/2012,1116,4.8,15,9.4,5.3,210,rain
20/10/2012,1031,0.5,11.1,6.1,5.7,234,rain
21/10/2012,1065,6.4,11.7,4.4,2.7,313,rain
22/10/2012,1081,8.9,7.8,3.3,2.6,239,rain
23/10/2012,1029,0,11.1,5.6,3,100,rain
24/10/2012,1005,7.1,11.7,6.1,2.1,28,rain
25/10/2012,1104,0,11.7,6.7,1.5,131,sun
26/10/2012,1022,1.5,11.1,7.2,2.5,210,rain
27/10/2012,1020,23.1,14.4,9.4,5.1,157,rain
28/10/2012,1097,6.1,14.4,10,3.8,68,rain
29/10/2012,999,10.9,15.6,10,4.9,311,rain
30/10/2012,1116,34.5,15,12.2,2.8,83,rain
31/10/2012,1007,14.5,15.6,11.1,2.7,192,rain
1/11/2012,1050,9.7,15,10.6,3,37,rain
2/11/2012,1038,5.6,15,10.6,1,92,rain
3/11/2012,1054,0.5,15.6,11.1,3.6,320,rain
4/11/2012,1035,8.1,17.8,12.8,3.8,104,rain
5/11/2012,1003,0.8,15,7.8,4,333,rain
6/11/2012,1097,0.3,12.8,6.7,3.5,37,rain
7/11/2012,1036,0,12.2,3.9,3.4,354,rain
8/11/2012,1127,0,10,1.1,3.4,21,rain
9/11/2012,1110,0,8.9,1.1,2,217,rain
10/11/2012,1027,0,7.8,-0.6,2.2,86,sun
11/11/2012,1087,15.2,8.9,1.1,3,53,rain
12/11/2012,1099,3.6,12.8,6.1,3,71,rain
13/11/2012,1119,5.3,11.1,7.8,2.5,129,rain
14/11/2012,1078,0.8,11.1,5,2.6,200,rain
15/11/2012,1079,0,9.4,2.8,2.4,236,drizzle
16/11/2012,1094,5.6,9.4,2.2,1.6,306,rain
17/11/2012,1093,6.1,12.2,6.1,5.3,194,rain
18/11/2012,1035,7.9,10,6.1,4.9,303,rain
19/11/2012,1054,54.1,13.3,8.3,6,43,rain
20/11/2012,1099,3.8,11.1,7.2,4.2,81,rain
21/11/2012,1011,11.2,8.3,3.9,5.5,168,rain
22/11/2012,1035,0,8.9,2.8,1.5,344,rain
23/11/2012,1089,32,9.4,6.1,2.4,46,rain
24/11/2012,1111,0,8.9,3.9,1.2,56,rain
25/11/2012,1041,0,8.3,1.1,3.6,248,drizzle
26/11/2012,1000,0,9.4,1.7,3.8,169,fog
27/11/2012,1024,0,10,1.7,1.5,276,sun
28/11/2012,1128,2.8,9.4,2.2,2.9,3,rain
29/11/2012,1021,1.5,12.8,7.8,4.2,245,rain
30/11/2012,1064,35.6,15,7.8,4.6,167,rain
1/12/2012,1108,4.1,13.3,8.3,5.5,251,rain
2/12/2012,1124,19.6,8.3,7.2,6.2,133,rain
3/12/2012,1044,13,9.4,7.2,4.4,342,rain
4/12/2012,1106,14.2,11.7,7.2,6.2,146,rain
5/12/2012,1016,1.5,8.9,4.4,5,199,rain
6/12/2012,1105,1.5,7.2,6.1,5.1,212,rain
7/12/2012,1084,1,7.8,3.3,4.6,283,rain
8/12/2012,1064,0,6.7,3.3,2,226,sun
9/12/2012,1092,1.5,6.7,2.8,2.1,107,rain
10/12/2012,1032,0.5,7.2,5.6,1.8,146,rain
11/12/2012,1037,3,7.8,5.6,4.5,273,rain
12/12/2012,1066,8.1,6.7,4.4,2,360,rain
13/12/2012,1097,2.3,7.2,3.3,2.8,168,rain
14/12/2012,1043,7.9,6.1,1.1,1.7,254,rain
15/12/2012,1069,5.3,4.4,0.6,5.1,204,snow
16/12/2012,1044,22.6,6.7,3.3,5.5,66,snow
17/12/2012,1088,2,8.3,1.7,9.5,360,rain
18/12/2012,1054,3.3,3.9,0.6,5.3,316,snow
19/12/2012,1003,13.7,8.3,1.7,5.8,223,snow
20/12/2012,1096,13.2,7.2,0.6,3.7,63,rain
21/12/2012,1076,1.8,8.3,-1.7,1.7,54,rain
22/12/2012,1019,3.3,8.3,3.9,3.5,87,rain
23/12/2012,1125,6.6,7.2,3.3,2.5,126,rain
24/12/2012,1070,0.3,5.6,2.8,2.8,44,rain
25/12/2012,1031,13.5,5.6,2.8,4.2,346,snow
26/12/2012,1056,4.6,6.7,3.3,4.9,330,rain
27/12/2012,1040,4.1,7.8,3.3,3.2,253,rain
29/12/2012,1072,1.5,5,3.3,1.7,24,rain
30/12/2012,1071,0,4.4,0,1.8,149,drizzle
31/12/2012,1124,0,3.3,-1.1,2,280,drizzle
1/1/2013,1090,0,5,-2.8,2.7,240,sun
2/1/2013,1064,0,6.1,-1.1,3.2,208,sun
3/1/2013,1045,4.1,6.7,-1.7,3,110,rain
4/1/2013,1117,2.5,10,2.2,2.8,237,rain
5/1/2013,1117,3,6.7,4.4,3.1,268,rain
6/1/2013,1087,2,7.2,2.8,3,149,rain
7/1/2013,1060,2.3,10,4.4,7.3,308,rain
8/1/2013,1058,16.3,11.7,5.6,6.3,213,rain
9/1/2013,1095,38.4,10,1.7,5.1,250,rain
10/1/2013,1081,0.3,3.3,-0.6,2.1,340,snow
11/1/2013,1028,0,2.8,-2.8,1.9,145,drizzle
12/1/2013,1049,0,2.8,-3.9,2,40,sun
13/1/2013,1105,0,2.2,-4.4,1.5,323,sun
14/1/2013,1101,0,3.3,-2.2,1.3,262,sun
15/1/2013,1109,0,6.7,-0.6,2.3,317,sun
16/1/2013,1049,0,6.1,-3.9,1.8,160,drizzle
17/1/2013,1064,0,3.9,-2.8,1,114,drizzle
18/1/2013,1089,0,3.3,-1.1,1.3,309,drizzle
19/1/2013,1047,0,1.1,-0.6,1.9,60,drizzle
20/1/2013,1017,0,3.3,-0.6,2.1,29,drizzle
21/1/2013,1033,0,2.2,-1.7,1.1,179,drizzle
22/1/2013,998,0,3.3,-1.7,0.6,201,drizzle
23/1/2013,1019,5.1,7.2,2.2,3.1,157,rain
24/1/2013,1044,5.8,7.2,1.1,2.6,24,rain
25/1/2013,1049,3,10.6,2.8,2.1,350,rain
26/1/2013,1090,2.3,8.3,3.9,4.5,27,rain
27/1/2013,1043,1.8,5.6,3.9,4.5,92,rain
28/1/2013,1002,7.9,6.1,3.3,3.2,30,rain
29/1/2013,1122,4.3,8.3,5,3.9,30,rain
30/1/2013,1041,3.6,8.9,6.7,3.9,187,rain
31/1/2013,1091,3,9.4,7.2,4,171,rain
1/2/2013,1054,0.3,11.7,5,2.9,92,rain
2/2/2013,1011,0,6.1,2.8,2,70,drizzle
3/2/2013,1040,2.3,8.9,2.8,2.9,351,rain
4/2/2013,1118,0,10.6,6.7,2.6,76,rain
5/2/2013,1128,3.3,10,6.7,5.1,137,rain
6/2/2013,1071,1,10.6,6.1,4.5,103,rain
7/2/2013,1040,1.3,9.4,3.3,4.1,263,rain
8/2/2013,1060,0,7.8,2.2,1.3,81,sun
9/2/2013,1001,0.3,8.3,4.4,1.3,356,rain
10/2/2013,1018,0,8.9,1.7,2,272,drizzle
11/2/2013,1028,0.3,8.3,4.4,1.4,191,rain
12/2/2013,1014,1,11.1,7.2,5.6,229,rain
13/2/2013,1038,2.3,9.4,7.2,4.1,74,rain
14/2/2013,1106,1,9.4,5.6,2.2,52,rain
15/2/2013,1113,0,13.3,5,2.4,331,drizzle
16/2/2013,1087,0,11.1,3.9,5.6,297,rain
17/2/2013,1117,0,9.4,4.4,3.4,220,rain
18/2/2013,1077,0,7.8,3.9,1.9,13,rain
19/2/2013,1070,0,10.6,1.7,3.4,98,sun
20/2/2013,1040,1.5,7.8,1.1,2.1,268,rain
21/2/2013,1003,0.5,6.7,3.9,6.2,320,rain
22/2/2013,1050,9.4,7.8,3.9,8.1,239,rain
23/2/2013,1061,0.3,10,3.9,4.6,242,rain
24/2/2013,1120,0,8.9,5,5.5,131,rain
25/2/2013,1085,2.3,10.6,3.3,7.1,164,rain
26/2/2013,1029,0.5,8.9,3.9,3.8,217,rain
27/2/2013,1033,4.6,10,4.4,1.8,96,rain
28/2/2013,1041,8.1,11.7,6.7,3.8,145,rain
1/3/2013,1049,4.1,15,11.1,5.4,323,rain
2/3/2013,1089,0.8,13.9,5,4.5,185,rain
3/3/2013,1002,0,11.1,2.2,2.8,113,sun
4/3/2013,1093,0,13.3,0,3.9,81,sun
5/3/2013,1050,0,9.4,6.1,2.4,293,rain
6/3/2013,1041,11.9,7.2,5,4.1,54,rain
7/3/2013,1004,7.4,12.2,5,2.5,56,rain
8/3/2013,1045,0,11.7,2.2,2.6,39,drizzle
9/3/2013,1006,0,12.8,1.1,1.3,233,fog
10/3/2013,1093,0.8,7.8,3.9,1.6,51,rain
11/3/2013,1042,1.3,10.6,6.1,1.1,186,rain
12/3/2013,998,2,12.8,10,5.7,89,rain
13/3/2013,1108,2.3,11.7,9.4,3.7,86,rain
14/3/2013,999,2.8,11.7,9.4,3,246,rain
15/3/2013,1100,0,14.4,8.9,4.3,14,rain
16/3/2013,1023,4.3,10.6,4.4,6.4,98,rain
17/3/2013,1011,0,8.9,3.9,6.1,45,sun
18/3/2013,1013,0,11.7,3.9,5.9,218,rain
19/3/2013,1046,11.7,12.8,1.7,3.4,225,rain
20/3/2013,1124,9.9,11.1,4.4,7.6,51,rain
21/3/2013,1085,8.1,10,2.2,4.9,291,snow
22/3/2013,1058,0,9.4,0.6,2.2,326,sun
23/3/2013,1033,0,10,1.1,2.6,3,sun
24/3/2013,1000,0,12.2,0.6,2.1,81,sun
25/3/2013,1058,0,16.7,4.4,2.8,245,sun
26/3/2013,1036,0,16.7,6.1,1.7,160,sun
27/3/2013,1107,0.3,13.3,7.2,1.6,136,rain
28/3/2013,1034,2,16.1,8.3,1.3,286,rain
29/3/2013,1079,0,18.3,7.8,2.5,183,rain
30/3/2013,1092,0,20,5.6,4.4,87,drizzle
31/3/2013,1084,0,20.6,6.7,2.9,338,sun
1/4/2013,1019,0,17.2,8.3,3.6,21,sun
2/4/2013,1128,0,13.9,8.9,2.2,66,sun
3/4/2013,1073,0,16.7,7.8,1.6,314,sun
4/4/2013,1075,8.4,14.4,10,3,214,rain
5/4/2013,1028,18.5,13.9,10,5.6,217,rain
7/4/2013,1118,39.1,8.3,5,3.9,257,rain
8/4/2013,1037,0.8,13.3,6.1,3.1,289,rain
9/4/2013,1048,0,12.2,6.1,2.4,298,sun
10/4/2013,1113,9.4,15,8.9,6.4,284,rain
11/4/2013,1083,1.5,12.2,6.7,3.8,253,rain
12/4/2013,1027,9.7,7.8,4.4,4.6,170,rain
13/4/2013,1105,9.4,10.6,3.3,5.7,257,rain
14/4/2013,1058,5.8,12.8,4.4,2.3,85,rain
15/4/2013,1078,0,13.9,4.4,2.4,105,fog
16/4/2013,1052,0.3,13.9,3.3,2.6,298,rain
17/4/2013,1019,0,15,3.9,3.3,204,drizzle
18/4/2013,1038,5.3,11.7,6.7,4,264,rain
19/4/2013,1077,20.6,13.3,9.4,4.9,352,rain
20/4/2013,1085,0,13.9,8.3,5.8,263,sun
21/4/2013,1113,3.3,12.2,6.7,4.1,359,rain
22/4/2013,1030,0,16.1,5,4.3,294,sun
23/4/2013,1062,0,17.8,3.9,2.8,115,sun
24/4/2013,1050,0,21.1,6.1,3,103,sun
25/4/2013,1086,0,21.7,6.7,1.1,52,sun
26/4/2013,1121,0,20.6,8.3,2.2,67,fog
27/4/2013,1093,0,13.9,10.6,5.9,13,sun
28/4/2013,1038,1,15,9.4,5.2,360,rain
29/4/2013,1073,3.8,13.9,6.7,4.2,46,rain
30/4/2013,1115,0,12.8,4.4,2.4,76,sun
1/5/2013,1023,0,18.3,3.3,3.1,103,sun
2/5/2013,1093,0,20.6,6.7,4,4,sun
3/5/2013,1079,0,21.7,9.4,4.9,227,sun
4/5/2013,1084,0,25,11.1,6.5,131,sun
5/5/2013,1111,0,28.9,11.7,5.3,276,sun
6/5/2013,1019,0,30.6,12.2,2,191,sun
7/5/2013,1016,0,20.6,11.1,3.3,349,sun
8/5/2013,1102,0,19.4,11.1,1.9,249,sun
9/5/2013,1079,0,22.8,10,1.3,283,sun
10/5/2013,1105,0,26.1,9.4,1,170,sun
11/5/2013,1074,0,27.2,12.2,2.6,342,sun
12/5/2013,999,6.6,21.7,13.9,3.9,196,rain
13/5/2013,1107,3.3,18.9,9.4,5,339,rain
14/5/2013,1002,0,18.3,7.8,2.4,220,sun
15/5/2013,1044,1,17.2,8.9,2.3,60,rain
16/5/2013,1124,0,21.7,12.2,2.7,235,fog
17/5/2013,1117,0.5,17.2,11.7,3.7,352,rain
18/5/2013,1059,0,16.7,11.1,2.9,286,sun
19/5/2013,1094,0,18.3,10.6,2.3,29,sun
20/5/2013,1082,0,19.4,9.4,1.8,291,sun
21/5/2013,1073,13.7,15.6,8.3,4.8,334,rain
22/5/2013,1107,13.7,11.1,7.2,3,304,rain
23/5/2013,1105,4.1,12.2,6.7,1.9,286,rain
24/5/2013,1104,0.3,16.7,8.9,2.7,309,rain
25/5/2013,1073,0,17.8,10,2.7,240,sun
26/5/2013,1076,1.5,18.3,10.6,2.2,162,rain
27/5/2013,1126,9.7,16.7,11.1,3.1,194,rain
28/5/2013,1091,0.5,17.2,11.7,2.8,221,rain
29/5/2013,999,5.6,16.1,9.4,4,223,rain
30/5/2013,1025,0,16.7,9.4,5.3,298,sun
31/5/2013,1083,0,19.4,11.1,2.5,290,sun
1/6/2013,1083,0,22.8,12.2,2.5,104,sun
2/6/2013,1103,1,20.6,12.2,3.1,68,rain
3/6/2013,1073,0,22.2,11.1,2.9,249,sun
4/6/2013,1100,0,26.1,12.2,3.4,52,sun
5/6/2013,1046,0,26.7,14.4,3.1,225,sun
6/6/2013,1026,0,26.7,12.2,2.5,92,sun
7/6/2013,1079,0,21.7,13.3,3.2,84,sun
8/6/2013,1004,0,20.6,12.8,3.1,67,sun
9/6/2013,1025,0,20.6,11.1,3.7,348,sun
10/6/2013,1034,0,21.7,11.7,3.2,235,sun
11/6/2013,1011,0,20,10,5.7,157,sun
12/6/2013,1066,0.3,20.6,11.7,4.2,197,rain
13/6/2013,1093,0,21.1,11.7,2.6,42,sun
14/6/2013,1085,0,20,12.2,3.7,344,sun
15/6/2013,1065,0,25.6,10,2.9,158,sun
16/6/2013,1094,0,23.9,12.8,3.4,8,sun
17/6/2013,1026,0,25.6,13.9,3,214,sun
18/6/2013,1046,0.3,23.3,13.3,3.4,200,rain
19/6/2013,1107,0,20,12.8,3.7,75,sun
20/6/2013,1007,3,17.2,12.8,5,0,rain
21/6/2013,1010,0.3,20.6,12.2,1.5,230,rain
22/6/2013,1030,0,25.6,11.7,1.7,163,sun
23/6/2013,1109,7.9,22.2,15,2.1,38,rain
24/6/2013,1034,4.8,21.1,13.9,3.7,338,rain
25/6/2013,1083,9.9,23.3,14.4,2.8,147,rain
26/6/2013,1121,2,22.2,15,2.3,221,rain
27/6/2013,1088,3.6,21.1,16.7,1.3,43,rain
28/6/2013,1024,0,30.6,16.1,2.2,247,sun
29/6/2013,1086,0,30,18.3,1.7,7,sun
30/6/2013,1045,0,33.9,17.2,2.5,269,sun
1/7/2013,1001,0,31.7,18.3,2.3,17,sun
2/7/2013,1108,0,28.3,15.6,3,321,sun
3/7/2013,1054,0,26.1,16.7,3.2,1,sun
4/7/2013,1055,0,21.7,13.9,2.2,46,fog
5/7/2013,1008,0,23.3,13.9,2.6,54,sun
6/7/2013,1130,0,26.1,13.3,2.2,190,sun
7/7/2013,1077,0,23.9,13.9,2.9,148,sun
8/7/2013,1034,0,26.7,13.3,2.8,273,sun
9/7/2013,1031,0,30,15,2.5,196,sun
10/7/2013,1130,0,22.2,13.9,2.6,157,sun
11/7/2013,1012,0,22.8,12.2,3,219,sun
12/7/2013,1072,0,19.4,13.3,2.2,217,sun
13/7/2013,1125,0,26.1,11.1,3.1,96,sun
14/7/2013,1022,0,27.8,12.8,3,1,sun
15/7/2013,998,0,27.8,14.4,4.6,263,sun
16/7/2013,1017,0,31.1,18.3,4.1,271,sun
17/7/2013,1055,0,22.2,15,3.7,86,sun
18/7/2013,1126,0,26.1,13.9,2,83,sun
19/7/2013,1125,0,27.8,13.3,1.9,48,sun
20/7/2013,1054,0,25,13.3,2,324,sun
21/7/2013,1072,0,23.9,12.8,2.3,47,sun
22/7/2013,1053,0,26.1,13.3,2.4,123,fog
23/7/2013,1070,0,31.1,13.9,3,352,sun
24/7/2013,1121,0,31.1,14.4,2.5,215,sun
25/7/2013,1109,0,31.1,12.8,2.3,133,sun
26/7/2013,1083,0,31.1,14.4,2.9,129,sun
27/7/2013,1064,0,25.6,12.8,2.6,193,sun
28/7/2013,1119,0,21.1,12.2,3.4,355,fog
29/7/2013,1066,0,25,13.3,1.4,233,sun
30/7/2013,1047,0,25,13.3,2.8,68,sun
31/7/2013,1049,0,21.7,13.3,1.8,309,sun
1/8/2013,1004,0,20.6,13.3,3.9,232,sun
2/8/2013,1087,2,17.2,15,2,293,rain
3/8/2013,1073,0,25,15.6,2.4,154,fog
4/8/2013,1089,0,28.9,15,3.4,110,sun
5/8/2013,1082,0,30,15,2.1,160,sun
6/8/2013,1010,0,30.6,13.9,1.4,54,sun
7/8/2013,1033,0,31.1,13.9,1.9,331,sun
8/8/2013,1074,0,28.3,14.4,2.5,172,sun
9/8/2013,1103,0,28.3,14.4,2.1,64,sun
10/8/2013,1123,2.3,25.6,15,2.9,287,rain
11/8/2013,1014,0,25,14.4,2.9,121,sun
12/8/2013,1087,0,25.6,16.1,1.9,56,sun
13/8/2013,1081,0,27.8,15,1.8,75,sun
14/8/2013,1041,0.8,27.2,15,2,224,rain
15/8/2013,1111,1.8,21.1,17.2,1,344,rain
16/8/2013,1079,0,28.9,16.1,2.2,89,fog
17/8/2013,1002,0,25.6,17.2,3,35,sun
18/8/2013,1057,0,26.1,15.6,3.1,91,sun
19/8/2013,1002,0,26.7,15.6,3,115,sun
20/8/2013,1086,0,25.6,16.1,4.6,92,sun
21/8/2013,1044,0,27.8,15,4.3,113,sun
22/8/2013,1017,0,28.9,15,1.9,77,sun
23/8/2013,1061,0,25,16.1,4.1,112,sun
24/8/2013,1071,0,25,16.7,2.7,179,sun
25/8/2013,1005,0.3,22.2,16.1,2.6,51,rain
26/8/2013,1021,1,24.4,16.1,1.9,359,rain
27/8/2013,1112,1.3,26.7,17.2,1.4,321,rain
28/8/2013,1000,5.6,26.7,15.6,1.3,214,rain
29/8/2013,1035,19.3,23.9,18.3,3,225,rain
30/8/2013,1050,0,26.1,16.1,2.9,237,sun
31/8/2013,1120,0,27.8,13.9,2.6,165,sun
1/9/2013,1097,0,27.8,15.6,2.5,48,sun
2/9/2013,1076,0,27.8,17.2,2.1,203,sun
3/9/2013,1087,2.3,25,16.7,1.7,160,rain
4/9/2013,1130,0.3,22.8,16.1,2.4,206,rain
5/9/2013,1054,27.7,20,15.6,2.5,233,rain
6/9/2013,1119,21.3,21.7,16.1,2.6,99,rain
7/9/2013,1117,0,23.3,17.2,2,142,sun
8/9/2013,1049,0,26.7,14.4,1.5,182,fog
9/9/2013,1059,0,26.1,13.9,2.1,342,sun
10/9/2013,1077,0,26.7,15,3.7,314,sun
11/9/2013,1000,0,33.9,16.1,2.4,44,sun
12/9/2013,1082,0,25.6,15,1.7,262,sun
13/9/2013,1116,0,18.9,15.6,2,8,sun
14/9/2013,1085,0,21.7,15.6,1.4,13,fog
15/9/2013,1087,3.3,18.9,14.4,2.2,12,rain
16/9/2013,1070,0.3,21.7,15,4.3,339,rain
17/9/2013,1059,0,17.8,13.9,2.3,337,sun
18/9/2013,1116,0,21.1,13.3,2.5,350,sun
19/9/2013,1113,0,25.6,10,1.5,144,sun
20/9/2013,1038,3.6,23.3,13.3,3,245,rain
21/9/2013,1001,0,21.1,13.3,2.5,73,sun
22/9/2013,1051,13.5,17.2,13.3,5.5,325,rain
23/9/2013,1075,2.8,16.1,11.1,4.5,223,rain
24/9/2013,1047,0,17.8,10,2.6,51,sun
25/9/2013,1083,2,16.1,9.4,3,46,rain
26/9/2013,1083,0,17.2,7.2,2.2,323,sun
27/9/2013,1074,1,13.9,10.6,4.3,88,rain
28/9/2013,1128,43.4,16.7,11.7,6,73,rain
29/9/2013,1116,16.8,14.4,11.1,7.1,197,rain
30/9/2013,1129,18.5,13.9,10,6.3,26,rain
1/10/2013,1022,7.9,14.4,8.9,4.7,159,rain
2/10/2013,1083,5.3,12.8,9.4,2.4,333,rain
3/10/2013,1059,0.8,14.4,8.9,0.9,127,rain
4/10/2013,1043,0,17.8,5.6,1.1,340,sun
5/10/2013,1057,0,20,8.3,1.6,342,sun
6/10/2013,1017,4.1,22.8,7.8,2.6,146,rain
7/10/2013,1038,0.5,16.1,11.7,6.3,146,rain
8/10/2013,1096,6.9,13.9,7.8,3,194,rain
9/10/2013,1126,0,15,5.6,1.6,293,sun
10/10/2013,1076,1,14.4,8.3,1.7,323,rain
11/10/2013,1012,9.1,13.9,10.6,1,353,rain
12/10/2013,1107,1,14.4,8.9,2.2,116,rain
13/10/2013,1036,0,15,6.7,1.8,189,fog
14/10/2013,1053,0,15.6,3.9,1.6,96,sun
15/10/2013,1074,0,15.6,5,0.9,155,sun
16/10/2013,1120,0,12.8,8.9,2.7,158,fog
17/10/2013,1072,0,14.4,8.9,1.7,270,fog
18/10/2013,1026,0,12.8,7.2,1.2,146,sun
19/10/2013,1106,0,10.6,7.8,1.4,200,sun
20/10/2013,1066,0,10.6,7.8,2.4,297,sun
21/10/2013,1100,0,11.7,8.3,2.5,158,sun
22/10/2013,1126,0,14.4,7.2,1.9,319,sun
23/10/2013,1045,0,12.8,6.1,0.4,98,sun
24/10/2013,1059,0,10,6.1,0.6,324,sun
25/10/2013,1042,0,12.2,7.8,1.8,267,sun
26/10/2013,1128,0,11.7,8.3,2.7,84,sun
27/10/2013,1002,1.8,13.9,8.3,4.4,165,rain
28/10/2013,1018,0,14.4,7.2,5.1,105,sun
29/10/2013,1003,0,13.3,3.3,2.2,64,sun
30/10/2013,1049,0.5,15,5.6,3.9,231,rain
31/10/2013,1013,0.3,14.4,10.6,2.2,126,rain
1/11/2013,1044,1.3,17.8,11.7,1.4,121,rain
2/11/2013,1082,12.7,14.4,8.3,7.9,359,rain
3/11/2013,1103,0.5,12.2,4.4,2.4,23,rain
4/11/2013,1046,0,10.6,3.9,1.6,353,drizzle
5/11/2013,1081,2.5,13.3,7.2,3.1,213,rain
6/11/2013,1104,3.8,12.8,7.8,1.7,121,rain
7/11/2013,1006,30,11.1,10,7.2,110,rain
8/11/2013,1004,0,13.3,7.2,4.1,136,sun
9/11/2013,1106,1.8,11.1,5,1.4,249,rain
10/11/2013,1077,0,11.1,8.3,4.4,320,sun
11/11/2013,1118,0,16.1,6.1,2.6,280,fog
12/11/2013,1052,4.1,15.6,8.9,2.2,240,rain
13/11/2013,1126,0,13.9,10.6,3.8,224,sun
14/11/2013,1023,1.3,11.1,6.1,1.1,30,rain
15/11/2013,1009,3,10.6,7.2,6,276,rain
16/11/2013,1017,0,10,5,4.6,12,sun
17/11/2013,1000,5.3,11.7,7.2,5.4,263,rain
18/11/2013,1098,26.2,12.8,9.4,3.9,191,rain
19/11/2013,1130,1,13.3,4.4,5.1,178,rain
20/11/2013,1025,0,7.8,1.7,4.3,42,sun
21/11/2013,1091,0,7.8,-0.5,3.6,263,sun
22/11/2013,1005,0,9.4,0,4.6,226,sun
23/11/2013,1052,0,11.1,1.1,2.6,326,sun
24/11/2013,1071,0,11.7,0.6,0.9,220,fog
25/11/2013,1024,0,12.2,2.2,0.5,305,sun
26/11/2013,1092,0,12.2,2.8,1,269,sun
27/11/2013,1061,0,14.4,5.6,1.3,164,sun
28/11/2013,1048,0,11.7,3.3,0.7,76,sun
29/11/2013,1041,0.5,9.4,5,2.1,158,rain
30/11/2013,1016,2.3,11.1,7.2,3.9,106,rain
1/12/2013,1015,3,13.3,7.8,8.8,22,rain
2/12/2013,1046,4.6,7.8,1.7,3.5,182,rain
3/12/2013,1089,0,5,-0.5,5.6,166,sun
4/12/2013,1073,0,4.4,-2.1,1.6,29,sun
5/12/2013,1088,0,1.1,-4.9,2.6,137,sun
6/12/2013,1006,0,1.1,-4.3,4.7,106,sun
7/12/2013,1108,0,0,-7.1,3.1,176,sun
8/12/2013,1020,0,2.2,-6.6,2.2,301,sun
9/12/2013,1118,0,1.1,-4.9,1.3,168,sun
10/12/2013,1097,0,5.6,0.6,1.5,21,sun
11/12/2013,1073,0,5,-1.6,0.8,304,sun
12/12/2013,1038,6.9,5.6,-0.5,2.3,205,rain
13/12/2013,1067,0.5,9.4,5.6,2.9,320,rain
14/12/2013,1116,0,9.4,6.1,3.7,356,sun
15/12/2013,1010,1.3,11.7,8.3,3.9,259,rain
16/12/2013,1117,0.3,10,4.4,1,183,rain
17/12/2013,1100,0,8.3,4.4,2.7,229,sun
18/12/2013,1101,1.3,7.8,2.2,2.8,150,rain
19/12/2013,1020,0,5,0,2.1,137,sun
20/12/2013,1091,5.6,8.3,0.6,3.7,243,snow
21/12/2013,1018,5.6,8.9,5.6,2.3,193,rain
22/12/2013,1106,10.7,10.6,8.3,4,36,rain
23/12/2013,1014,1.5,11.7,6.1,5.9,235,rain
24/12/2013,1108,0,8.3,2.8,1.7,317,sun
25/12/2013,1001,0,6.7,1.7,0.8,48,sun
26/12/2013,1077,0,6.7,0.6,0.5,335,sun
27/12/2013,1087,0.3,8.9,0,2.1,311,rain
28/12/2013,1078,0,9.4,3.3,1.3,201,sun
29/12/2013,1004,0,7.2,1.7,1.1,296,sun
30/12/2013,1122,0.3,8.9,4.4,2.6,231,rain
31/12/2013,1013,0.5,8.3,5,1.7,153,rain
1/1/2014,1087,0,7.2,3.3,1.2,345,sun
2/1/2014,1076,4.1,10.6,6.1,3.2,53,rain
3/1/2014,1076,1.5,8.9,2.8,2.6,205,rain
4/1/2014,1072,0,7.8,0.6,2.7,340,fog
5/1/2014,1027,0,8.3,-0.5,3.7,149,sun
6/1/2014,1041,0.3,7.8,-0.5,2.6,86,rain
7/1/2014,1015,12.2,8.3,5,1.6,232,rain
8/1/2014,1004,9.7,10,7.2,4.6,235,rain
9/1/2014,1083,5.8,9.4,5.6,6.3,192,rain
10/1/2014,1048,4.3,12.8,8.3,7,234,rain
11/1/2014,1115,21.3,14.4,7.2,8.8,92,rain
12/1/2014,1002,1.5,11.1,5.6,8.1,17,rain
13/1/2014,1018,0,10.6,10,7.1,16,sun
14/1/2014,1103,0,11.1,7.2,1.3,93,sun
15/1/2014,1065,0,11.1,5.6,2.5,360,sun
16/1/2014,1128,0,6.7,4.4,2.7,340,sun
17/1/2014,1106,0,5.6,2.8,2.3,319,sun
18/1/2014,1033,0,9.4,0.6,2.2,342,sun
19/1/2014,1130,0,6.1,3.3,2.5,248,sun
20/1/2014,1108,0,10,2.8,2.2,11,sun
21/1/2014,1032,0,10,1.7,1.5,230,sun
22/1/2014,1119,0.5,9.4,5.6,2.6,101,rain
23/1/2014,1001,0,10,2.8,5.2,14,fog
24/1/2014,999,0,12.8,1.1,1.9,81,sun
25/1/2014,1002,0,12.2,1.1,0.8,357,sun
26/1/2014,1020,0,8.3,0.6,1.3,103,sun
27/1/2014,1100,0,9.4,1.7,1.3,19,sun
28/1/2014,1068,8.9,11.1,6.1,1.6,292,rain
29/1/2014,1056,21.6,11.1,7.2,3.4,137,rain
30/1/2014,1119,0,8.3,6.1,6.4,227,sun
31/1/2014,1027,2.3,7.8,5.6,2.6,330,rain
1/2/2014,1126,2,7.8,2.8,0.8,263,rain
2/2/2014,1095,0,8.9,1.1,2.5,157,sun
3/2/2014,1013,0,5,0,4.3,28,sun
4/2/2014,1072,0,2.8,-2.1,4.7,233,sun
5/2/2014,1125,0,-0.5,-5.5,6.6,242,sun
6/2/2014,1098,0,-1.6,-6,4.5,315,sun
7/2/2014,1063,0,3.3,-4.9,4.2,79,sun
8/2/2014,1013,5.1,5.6,-0.5,4.6,31,snow
9/2/2014,1035,0.5,3.9,0,2.4,152,rain
10/2/2014,1025,18.3,10,2.2,4.7,327,rain
11/2/2014,1053,17,12.2,5.6,3.8,5,rain
12/2/2014,1103,4.6,12.2,7.2,6.4,42,rain
13/2/2014,1116,1.8,12.8,7.8,6.3,203,rain
14/2/2014,1122,9.4,11.7,6.1,6.4,42,rain
15/2/2014,1097,11.7,11.1,5,5.1,329,rain
16/2/2014,1062,26.4,9.4,3.9,7.9,183,rain
17/2/2014,1064,14.5,8.3,4.4,5.5,172,rain
18/2/2014,1095,15.2,8.9,5,6.2,190,rain
19/2/2014,1018,1,8.3,3.9,6,56,rain
20/2/2014,1049,3,10,5.6,6.9,182,rain
21/2/2014,1004,2.8,6.7,3.9,2.9,256,rain
22/2/2014,1076,2.5,5.6,2.8,3.1,140,rain
23/2/2014,1084,6.1,7.2,3.9,2.6,20,rain
24/2/2014,1110,13,6.7,3.3,3.2,176,rain
25/2/2014,1084,0.3,12.2,3.9,4.5,206,rain
26/2/2014,1058,0,13.9,5.6,2.5,248,sun
27/2/2014,1009,0,12.8,4.4,2.3,264,sun
28/2/2014,1087,0,14.4,4.4,5.9,124,sun
1/3/2014,1113,0.5,7.2,4.4,4.7,110,rain
2/3/2014,1057,19.1,11.1,2.8,5.7,315,rain
3/3/2014,1088,10.7,14.4,8.9,5.1,62,rain
4/3/2014,1032,16.5,13.9,7.8,3.9,136,rain
5/3/2014,1062,46.7,15.6,10.6,3.9,304,rain
6/3/2014,1039,3,13.3,10,6.2,311,rain
7/3/2014,1020,0,15.6,8.9,4.2,47,sun
8/3/2014,1046,32.3,12.8,6.7,2.7,118,rain
9/3/2014,1039,4.3,15,9.4,4.3,239,rain
10/3/2014,1050,18.8,12.2,6.1,2.2,236,rain
11/3/2014,1116,0,14.4,4.4,2.3,75,fog
12/3/2014,999,0,16.1,3.3,1.9,58,fog
13/3/2014,1024,0.5,13.9,5,2.5,83,rain
14/3/2014,1030,6.9,14.4,8.3,6.1,350,rain
15/3/2014,1130,8.1,16.7,4.4,3,154,rain
16/3/2014,1008,27.7,10.6,4.4,3.8,344,rain
17/3/2014,1082,0.3,10,2.8,3.2,319,rain
18/3/2014,1100,0,10,3.3,1.6,49,sun
19/3/2014,1024,0.5,11.1,3.3,5.1,95,rain
20/3/2014,1111,0,11.1,1.7,3,252,sun
21/3/2014,1047,0,10.6,2.8,3.8,239,sun
22/3/2014,1022,0,11.1,1.1,1.8,89,sun
23/3/2014,1058,0,12.8,4.4,3.3,219,sun
24/3/2014,1092,0,18.9,2.8,2.2,276,sun
25/3/2014,1056,4.1,13.9,6.7,4.4,227,rain
26/3/2014,1065,3.6,11.1,5.6,2.4,49,rain
27/3/2014,1037,0.3,12.2,6.7,2.8,84,rain
28/3/2014,1117,22.1,11.7,7.2,3.9,259,rain
29/3/2014,1113,14,11.7,7.2,5.1,15,rain
30/3/2014,1009,0,11.1,5,5.1,283,sun
31/3/2014,1109,0,15.6,2.2,3.8,209,sun
1/4/2014,1040,0,14.4,6.7,2.8,305,sun
2/4/2014,1019,0,14.4,5.6,4.2,34,sun
3/4/2014,1117,2.5,13.3,6.1,3.9,104,rain
4/4/2014,1047,0,12.8,6.1,4.7,191,sun
5/4/2014,1064,4.6,11.7,7.8,4.3,260,rain
6/4/2014,1077,0,13.9,8.3,2.6,358,sun
7/4/2014,1073,0,21.1,9.4,2.5,290,sun
8/4/2014,1036,4.6,15.6,8.3,4.2,280,rain
9/4/2014,1004,0,14.4,6.7,2.9,186,sun
10/4/2014,1028,0,15,6.7,3.6,352,sun
11/4/2014,1055,0,17.2,5,2.8,353,sun
12/4/2014,1077,0,16.1,7.8,4.4,73,sun
13/4/2014,1065,0,20.6,5.6,3.1,288,sun
14/4/2014,1033,0,20,5.6,2.6,308,sun
15/4/2014,1082,0.5,14.4,7.8,4,112,rain
16/4/2014,1027,10.9,11.1,8.9,4.6,357,rain
17/4/2014,1009,18.5,11.7,7.2,4.7,20,rain
18/4/2014,1123,0,14.4,5.6,3.8,327,sun
19/4/2014,1060,13.7,11.7,5.6,4.7,165,rain
20/4/2014,1003,0,15.6,5.6,2.7,213,sun
21/4/2014,1080,5.1,17.2,7.8,2.5,307,rain
22/4/2014,1119,14.2,12.2,5,4.2,231,rain
23/4/2014,1106,8.9,11.7,6.1,5,307,rain
24/4/2014,1091,12.4,13.9,6.1,5.3,169,rain
25/4/2014,1123,0,14.4,5.6,2.3,335,sun
26/4/2014,1096,3.3,15,5.6,3.9,178,rain
27/4/2014,1060,6.9,11.1,6.1,5.8,356,rain
28/4/2014,1002,0,16.1,4.4,2.6,330,sun
29/4/2014,1007,0,25,9.4,2.3,282,sun
30/4/2014,1033,0,27.8,9.4,3.9,298,sun
1/5/2014,1046,0,29.4,11.1,3,218,sun
2/5/2014,999,0,18.3,10.6,4.7,273,sun
3/5/2014,1005,33.3,15,8.9,3.4,129,rain
4/5/2014,1001,16,14.4,8.9,4.2,87,rain
5/5/2014,1063,5.1,15.6,9.4,3.8,359,rain
6/5/2014,1057,0,16.7,8.3,2.6,134,sun
7/5/2014,1012,0,18.3,7.2,1.7,356,sun
8/5/2014,1101,13.7,13.9,9.4,3.4,35,rain
9/5/2014,1079,2,13.3,7.2,5.6,71,rain
10/5/2014,1011,0.5,15.6,7.2,2.1,345,rain
11/5/2014,1062,0,18.9,8.3,1.7,235,sun
12/5/2014,1044,0,24.4,9.4,2.7,36,sun
13/5/2014,1118,0,26.7,12.8,3.8,280,sun
14/5/2014,1004,0,27.8,13.3,3.3,342,sun
15/5/2014,1007,0,26.7,12.8,3,38,sun
16/5/2014,1104,0,20,11.7,4.1,103,sun
17/5/2014,1100,0,20,11.7,3.2,194,sun
18/5/2014,1062,0,20,10.6,3.2,57,sun
19/5/2014,1110,0,21.1,10,2.2,92,sun
20/5/2014,1087,0,22.2,10,2.7,107,sun
21/5/2014,1008,0,20,10.6,1.7,110,sun
22/5/2014,1017,0,24.4,11.7,2.5,342,sun
23/5/2014,1029,3.8,20,12.8,4,310,rain
24/5/2014,1122,0,18.3,11.1,2.4,81,sun
25/5/2014,1062,5.6,15,10.6,1.4,342,rain
26/5/2014,1024,0,18.3,11.1,4.5,144,sun
27/5/2014,1064,0,20,10,2.5,103,sun
28/5/2014,1101,0,18.9,10,3.4,133,sun
29/5/2014,1126,0,18.9,11.1,4.3,84,sun
30/5/2014,1007,0,20.6,8.9,4.5,220,sun
31/5/2014,1069,0,23.3,10,2.2,351,sun
1/6/2014,1076,0,22.2,10.6,2.3,99,sun
2/6/2014,1043,0,23.3,11.1,2.4,247,sun
3/6/2014,1075,0,18.3,11.1,3.2,232,sun
4/6/2014,1075,0,19.4,10,2.6,114,sun
5/6/2014,1067,0,22.2,10,2.4,158,sun
6/6/2014,1011,0,25,10.6,3.2,360,sun
7/6/2014,1041,0,24.4,13.3,3.1,267,sun
8/6/2014,1102,0,23.3,12.2,2.1,245,sun
9/6/2014,1097,0,21.1,13.3,3.6,318,sun
10/6/2014,1083,0,20,12.2,2.9,277,sun
11/6/2014,1099,0,23.9,11.1,2.7,77,sun
12/6/2014,1028,1.8,21.7,12.2,4,207,rain
13/6/2014,1121,6.4,15.6,11.1,5,257,rain
14/6/2014,998,0,17.8,11.7,3.2,356,sun
15/6/2014,1100,0.5,18.3,10,3.6,342,rain
16/6/2014,1086,3.6,17.8,8.9,2.4,99,rain
17/6/2014,1047,1.3,17.8,10,3,260,rain
18/6/2014,1055,0,18.9,11.1,2.7,242,sun
19/6/2014,1060,0.8,25.6,11.7,3.7,176,rain
20/6/2014,1032,0.3,20,10,3.4,359,rain
21/6/2014,1042,0,22.2,10.6,3.6,222,sun
22/6/2014,1079,0,25,11.1,2.7,87,sun
23/6/2014,1069,0,25,13.3,2.5,22,sun
24/6/2014,1080,0,24.4,14.4,2.5,12,sun
25/6/2014,1069,0,26.1,13.9,2.4,321,sun
26/6/2014,1069,0,21.1,14.4,4.1,291,sun
27/6/2014,1103,1.8,21.1,13.9,4.5,218,rain
28/6/2014,1091,2.3,20,13.3,4.3,296,rain
29/6/2014,1020,0,20.6,12.8,3.2,126,sun
30/6/2014,1117,0,25.6,12.8,4.4,224,sun
1/7/2014,1069,0,34.4,15.6,3.5,81,sun
2/7/2014,1053,0,27.2,14.4,3.6,331,sun
3/7/2014,1034,0,21.7,13.9,3.1,126,sun
4/7/2014,1023,0,23.9,13.9,3.6,114,sun
5/7/2014,1037,0,24.4,13.3,2.2,20,fog
6/7/2014,1010,0,28.9,15,3,80,sun
7/7/2014,1005,0,27.2,17.8,4.1,326,fog
8/7/2014,1120,0,30,15.6,3.5,214,sun
9/7/2014,1099,0,26.7,13.9,2.3,250,sun
10/7/2014,1110,0,28.9,12.8,2.2,241,fog
11/7/2014,1037,0,31.1,15,2.2,1,sun
12/7/2014,1017,0,32.2,16.7,2.2,218,sun
13/7/2014,1051,0,29.4,15,2.6,54,sun
14/7/2014,1116,0,27.8,15,2.8,255,sun
15/7/2014,1130,0,31.1,13.9,2.3,358,sun
16/7/2014,1055,0,31.1,14.4,2.4,282,sun
17/7/2014,1015,0,26.7,13.9,3.7,199,sun
18/7/2014,1010,0,23.9,11.7,2.8,35,sun
19/7/2014,1128,0,25.6,15,5.4,125,fog
20/7/2014,1028,0,19.4,14.4,2.8,13,sun
21/7/2014,1058,0,23.9,13.3,2.2,214,sun
22/7/2014,1113,0.3,21.1,13.3,1.1,48,rain
23/7/2014,1023,19.3,18.9,13.3,3.3,339,rain
24/7/2014,1033,0,20.6,12.8,4.7,129,sun
25/7/2014,1114,0,22.8,12.2,2.7,89,sun
26/7/2014,1104,0,26.1,13.3,3.6,62,sun
27/7/2014,1127,0,28.3,15,4.1,285,sun
28/7/2014,1079,0,30.6,15,3.7,287,sun
29/7/2014,1000,0,30,15.6,2.8,67,sun
30/7/2014,1099,0,29.4,14.4,3.4,343,sun
31/7/2014,1101,0,30.6,17.8,4.1,111,sun
1/8/2014,1116,0,28.9,15,3.3,191,sun
2/8/2014,1107,0.5,29.4,15.6,1.7,354,rain
3/8/2014,1089,0,31.7,14.4,2.6,74,sun
4/8/2014,1029,0,32.8,16.1,2.6,47,sun
5/8/2014,1058,0,25,13.9,2.7,112,sun
6/8/2014,1088,0,26.1,15,2.2,104,fog
7/8/2014,1118,0,25.6,13.3,2.4,344,fog
8/8/2014,1104,0,25.6,13.3,2.9,267,sun
9/8/2014,1053,0,27.2,15.6,4.1,336,sun
10/8/2014,1044,0,30.6,13.9,3.4,51,sun
11/8/2014,1095,0.5,35.6,17.8,2.6,215,rain
12/8/2014,1034,12.7,27.2,17.2,3.1,241,rain
13/8/2014,1028,21.6,23.3,15,2.7,106,rain
14/8/2014,1047,0,21.1,17.2,0.6,133,sun
15/8/2014,1042,1,24.4,16.7,1.5,13,rain
16/8/2014,1118,0,25.6,15.6,2.2,148,sun
17/8/2014,1049,0,27.8,15,2.8,3,sun
18/8/2014,1074,0,29.4,15.6,3.3,266,sun
19/8/2014,1124,0,27.2,15.6,2.4,10,sun
20/8/2014,1079,0,21.7,13.9,3.6,138,sun
21/8/2014,1024,0,21.1,11.1,1.7,90,sun
22/8/2014,1078,0,23.9,13.3,2.9,274,sun
23/8/2014,1018,0,27.8,13.9,2,189,sun
24/8/2014,1032,0,25,13.3,2.3,149,sun
25/8/2014,1047,0,28.9,14.4,2,17,sun
26/8/2014,1043,0,31.1,15.6,1.8,331,sun
27/8/2014,1052,0,28.9,16.1,1.6,169,sun
28/8/2014,1041,0,23.3,14.4,2.3,240,sun
29/8/2014,1004,0,22.8,15,3.4,158,sun
30/8/2014,1027,8.4,17.8,15,2.2,125,rain
31/8/2014,1083,1.3,21.1,13.9,1.9,309,rain
1/9/2014,1025,0,23.3,12.8,2.5,20,sun
2/9/2014,1002,3,20,13.9,4.3,217,rain
3/9/2014,1079,0,20.6,12.8,2.7,216,sun
4/9/2014,1121,0,23.9,11.1,3.1,309,fog
5/9/2014,1004,0,27.8,13.9,6.5,100,fog
6/9/2014,1030,0,32.2,15,2.9,333,sun
7/9/2014,1129,0,28.3,13.3,2.1,47,sun
8/9/2014,1068,0,21.1,13.3,2.8,114,sun
9/9/2014,1085,0,21.7,13.3,2.3,244,sun
10/9/2014,1045,0,22.2,12.2,3.9,81,sun
11/9/2014,1105,0,24.4,12.8,5.3,22,sun
12/9/2014,1060,0,24.4,12.8,5.9,46,sun
13/9/2014,1100,0,28.3,10,4.2,128,sun
14/9/2014,1053,0,30,11.7,1.8,247,sun
15/9/2014,1096,0,30.6,12.2,1.2,186,sun
16/9/2014,1112,0,22.2,13.9,2.8,28,sun
17/9/2014,1055,0.5,22.8,14.4,2.3,212,rain
18/9/2014,1056,0.3,19.4,15,3.1,85,rain
19/9/2014,1104,0,23.9,16.1,2.8,16,sun
20/9/2014,1010,0,24.4,14.4,4.4,164,fog
21/9/2014,1077,0,26.1,12.8,3,353,sun
22/9/2014,999,0.3,22.2,15,2.1,245,rain
23/9/2014,1072,18.3,18.9,14.4,2.5,62,rain
24/9/2014,1027,20.3,18.9,14.4,2.7,329,rain
25/9/2014,1040,4.3,21.7,14.4,2.5,321,rain
26/9/2014,1104,8.9,20,13.9,3.3,125,rain
27/9/2014,1058,0,20.6,11.7,3.2,329,fog
28/9/2014,1006,0,18.9,12.2,2,321,fog
29/9/2014,1123,0.8,16.7,11.1,3.5,116,rain
30/9/2014,1056,0,19.4,12.2,2.6,60,sun
1/10/2014,1029,0,18.3,11.1,2.1,20,sun
2/10/2014,1077,0,19.4,10,2,143,sun
3/10/2014,1114,0,22.2,8.9,1,229,sun
4/10/2014,1039,0,21.7,12.2,1.2,314,sun
5/10/2014,1077,0,23.9,11.7,1.4,343,fog
6/10/2014,1028,0,25.6,13.3,2.5,138,fog
7/10/2014,1048,0,18.9,13.9,1,320,fog
8/10/2014,1121,0,20.6,12.8,1.8,158,fog
9/10/2014,1127,0,17.2,11.1,1,125,fog
10/10/2014,1008,0.3,18.3,10,3.8,178,rain
11/10/2014,1057,7.4,18.3,11.7,3.5,275,rain
12/10/2014,1097,0,17.8,11.7,2.1,187,sun
13/10/2014,1123,7.6,21.1,10,3.1,321,rain
14/10/2014,1057,7.1,16.7,11.7,2.2,333,rain
15/10/2014,1030,8.6,16.1,11.7,4.7,125,rain
16/10/2014,998,0,20.6,11.1,3.3,270,sun
17/10/2014,998,3.3,16.7,11.7,3,325,rain
18/10/2014,1031,15,19.4,13.9,1.9,68,rain
19/10/2014,1072,0,22.2,12.8,3.2,276,sun
20/10/2014,1005,11.7,16.1,12.2,3.1,316,rain
21/10/2014,1093,1,16.1,11.7,4.7,178,rain
22/10/2014,1046,32,15.6,11.7,5,302,rain
23/10/2014,1116,9.4,14.4,8.3,4.6,117,rain
24/10/2014,1064,4.1,14.4,8.9,3.2,110,rain
25/10/2014,1108,6.1,16.7,8.3,5.4,31,rain
26/10/2014,1017,1.5,12.8,7.8,5,338,rain
27/10/2014,1020,0.8,15.6,6.7,2.4,308,rain
28/10/2014,1039,12.7,15,9.4,3.9,245,rain
29/10/2014,1073,0.5,16.7,11.7,3.1,100,rain
30/10/2014,1087,25.4,15.6,11.1,3.2,43,rain
31/10/2014,1083,17,12.8,8.3,2,298,rain
1/11/2014,1108,0,11.1,7.2,1.2,311,fog
2/11/2014,1110,1.8,13.3,7.2,2.9,99,rain
3/11/2014,1010,10.9,13.9,11.1,4.8,204,rain
4/11/2014,1120,4.1,14.4,10.6,3.3,151,rain
5/11/2014,1078,4.8,15,10.6,2.1,247,rain
6/11/2014,1042,4.1,16.7,10.6,6.7,205,rain
7/11/2014,1108,0,14.4,7.2,2.3,187,sun
8/11/2014,1126,0,12.8,3.9,0.8,299,fog
9/11/2014,1041,5.1,13.3,7.8,3,192,rain
10/11/2014,1072,0,11.1,5.6,3.9,175,sun
11/11/2014,1049,0,7.8,1.1,7.7,202,sun
12/11/2014,1121,0,6.7,0,7.6,322,sun
13/11/2014,1052,0,7.2,0.6,4.7,194,sun
14/11/2014,1015,0,7.2,-2.1,4.5,101,sun
15/11/2014,1038,0,8.3,-1.6,4.2,134,sun
16/11/2014,1128,0,9.4,-2.1,4.2,264,sun
17/11/2014,1063,0,10.6,-2.1,1.9,134,sun
18/11/2014,1021,0,7.2,-0.5,0.9,59,sun
19/11/2014,1037,0,11.1,2.2,1.9,40,sun
20/11/2014,1129,3.6,11.1,5.6,2.1,206,rain
21/11/2014,1043,15.2,11.1,8.3,4.7,48,rain
22/11/2014,1098,0.5,9.4,6.7,4.7,73,rain
23/11/2014,1125,11.9,12.8,5.6,5.1,194,rain
24/11/2014,1055,1.3,11.7,4.4,3.8,326,rain
25/11/2014,1058,18.3,13.9,9.4,4.5,18,rain
26/11/2014,1071,0.3,15,12.2,3.9,142,rain
27/11/2014,1107,3.3,14.4,11.7,6.6,14,rain
28/11/2014,1104,34.3,12.8,3.3,5.8,237,rain
29/11/2014,1047,3.6,4.4,-4.3,5.3,284,snow
30/11/2014,1112,0,2.8,-4.9,4.4,50,sun
1/12/2014,1062,0,4.4,-3.2,2.2,310,sun
2/12/2014,1112,0,5.6,-3.2,5.7,88,fog
3/12/2014,1125,0,10,0,3.6,160,sun
4/12/2014,1005,0.8,8.3,3.9,1.1,270,rain
5/12/2014,1095,3,12.8,6.7,3.1,155,rain
6/12/2014,1116,7.4,11.7,7.8,3.6,201,rain
7/12/2014,1120,0,14.4,6.1,2.8,322,sun
8/12/2014,1109,9.1,14.4,8.9,4.2,189,rain
9/12/2014,1011,9.9,16.1,10.6,5.1,140,rain
10/12/2014,1130,13,18.9,10,6.7,342,rain
11/12/2014,1018,6.9,14.4,8.3,6.4,94,rain
12/12/2014,1103,0,11.1,7.2,3.7,143,sun
13/12/2014,1094,0,10,3.9,1.1,82,fog
14/12/2014,998,0,12.8,1.7,3.5,179,fog
15/12/2014,1026,0,12.2,6.7,5.9,85,sun
16/12/2014,1075,0,10,8.3,4,280,sun
17/12/2014,1117,2.8,8.9,6.1,1.6,23,rain
18/12/2014,1042,13,9.4,6.7,3.1,29,rain
19/12/2014,1099,3,11.1,7.2,4.3,268,rain
20/12/2014,1072,19.6,12.8,6.7,5.5,265,rain
21/12/2014,1062,0,12.8,10,5.2,320,sun
22/12/2014,1036,0,10.6,6.1,1.5,205,sun
23/12/2014,1067,20.6,12.2,5,3.8,189,rain
24/12/2014,1115,5.3,7.2,3.9,1.8,278,rain
25/12/2014,1096,0,7.8,2.8,2.2,71,fog
26/12/2014,1035,0,5.6,1.7,1.2,333,fog
27/12/2014,1036,3.3,9.4,4.4,4.9,64,rain
28/12/2014,1063,4.1,6.7,2.8,1.8,160,rain
29/12/2014,1039,0,6.1,0.6,4.3,110,fog
30/12/2014,1003,0,3.3,-2.1,3.6,159,sun
31/12/2014,1035,0,3.3,-2.7,3,88,sun
1/1/2015,1076,0,5.6,-3.2,1.2,115,sun
2/1/2015,1052,1.5,5.6,0,2.3,108,rain
3/1/2015,1072,0,5,1.7,1.7,356,fog
4/1/2015,1023,10.2,10.6,3.3,4.5,278,rain
5/1/2015,1051,8.1,12.2,9.4,6.4,70,rain
6/1/2015,1101,0,12.2,6.1,1.3,281,fog
7/1/2015,1063,0,7.8,5.6,1.6,343,fog
8/1/2015,1010,0,7.8,1.7,2.6,30,fog
9/1/2015,1005,0.3,10,3.3,0.6,180,rain
10/1/2015,1084,5.8,7.8,6.1,0.5,313,rain
11/1/2015,1056,1.5,9.4,7.2,1.1,132,rain
12/1/2015,1059,0,11.1,4.4,1.6,130,fog
13/1/2015,1035,0,9.4,2.8,2.7,6,fog
14/1/2015,1043,0,6.1,0.6,2.8,106,fog
15/1/2015,1130,9.7,7.8,1.1,3.2,351,rain
16/1/2015,1129,0,11.7,5.6,4.5,185,fog
17/1/2015,1065,26.2,13.3,3.3,2.8,133,rain
18/1/2015,999,21.3,13.9,7.2,6.6,227,rain
19/1/2015,1014,0.5,10,6.1,2.8,180,rain
20/1/2015,1085,0,10,3.3,3,20,fog
21/1/2015,1011,0,7.2,-0.5,1.3,346,fog
22/1/2015,1001,0.8,9.4,6.1,1.3,224,rain
23/1/2015,1072,5.8,12.2,8.3,2.6,101,rain
24/1/2015,1061,0.5,14.4,11.1,3.3,184,rain
25/1/2015,1022,0,17.2,7.2,1.4,65,fog
26/1/2015,1011,0,16.1,6.1,2.2,83,fog
27/1/2015,1103,0.8,11.1,8.3,2,360,rain
28/1/2015,1040,0,12.2,5,1.8,85,fog
29/1/2015,1084,0,12.2,3.3,2.9,80,sun
30/1/2015,1038,0,8.3,1.1,0.8,354,fog
31/1/2015,1126,0,7.2,3.3,1.9,188,fog
1/2/2015,1046,1.5,9.4,4.4,2.6,239,rain
2/2/2015,1020,7.4,11.1,5,4,32,rain
3/2/2015,1049,1.3,10,5.6,1.9,11,rain
4/2/2015,1130,8.4,10.6,4.4,1.7,35,rain
5/2/2015,1094,26.2,13.3,8.3,4.6,194,rain
6/2/2015,1040,17.3,14.4,10,4.5,172,rain
7/2/2015,1114,23.6,12.2,9.4,4.6,194,rain
8/2/2015,1061,3.6,15,8.3,3.9,37,rain
9/2/2015,1125,6.1,13.3,8.3,2.5,188,rain
10/2/2015,1100,0.3,12.8,8.3,4,242,rain
11/2/2015,1025,0,12.8,5.6,1,166,fog
12/2/2015,1031,1,16.7,9.4,2.1,193,rain
13/2/2015,1086,0,15.6,6.7,1.7,29,fog
14/2/2015,1081,0.3,14.4,6.7,2.9,146,rain
15/2/2015,1091,0,12.2,3.9,4.8,200,sun
16/2/2015,1003,0,15,5.6,6.6,317,fog
17/2/2015,1015,0,16.1,4.4,4,158,sun
18/2/2015,1019,0,12.2,4.4,2.6,160,sun
19/2/2015,1081,4.6,10.6,8.3,2.2,288,rain
20/2/2015,1127,0.8,11.1,7.2,0.9,165,rain
21/2/2015,1063,0,12.2,5.6,4.5,193,sun
22/2/2015,1114,0,11.7,3.3,4.2,315,sun
23/2/2015,1116,0,12.8,0.6,1.4,47,sun
24/2/2015,1037,0,11.1,2.2,1.5,354,sun
25/2/2015,1062,4.1,10,6.7,1,13,rain
26/2/2015,1085,9.4,11.7,7.8,1.4,359,rain
27/2/2015,1037,18.3,10,6.7,4,209,rain
28/2/2015,1050,0,12.2,3.3,5.1,301,sun
1/3/2015,1069,0,11.1,1.1,2.2,173,sun
2/3/2015,1112,0,11.1,4.4,4.8,274,sun
3/3/2015,1113,0,10.6,0,2.1,6,sun
4/3/2015,1029,0,12.8,-0.5,1.8,122,sun
5/3/2015,1094,0,13.3,2.8,1.3,328,sun
6/3/2015,1073,0,15,3.3,1.4,10,sun
7/3/2015,1035,0,16.7,3.9,2.7,182,fog
8/3/2015,1036,0,17.2,3.9,1.7,23,fog
9/3/2015,1093,0,14.4,4.4,1.8,55,fog
10/3/2015,1092,0.8,13.3,5,2.6,6,rain
11/3/2015,1071,2.5,14.4,8.9,3.1,162,rain
12/3/2015,1127,0,17.8,9.4,3.2,348,sun
13/3/2015,1032,2,17.2,7.8,2.2,220,rain
14/3/2015,1103,17,13.9,9.4,3.8,193,rain
15/3/2015,1039,55.9,10.6,6.1,4.2,148,rain
16/3/2015,1042,1,13.9,6.1,3,339,rain
17/3/2015,1023,0.8,13.3,4.4,2.6,286,rain
18/3/2015,1040,0,15.6,7.2,2.5,120,sun
19/3/2015,1055,0,15.6,8.3,1.9,249,sun
20/3/2015,1057,4.1,13.9,8.9,1.9,108,rain
21/3/2015,1111,3.8,13.3,8.3,4.7,258,rain
22/3/2015,1000,1,11.7,6.1,2.3,296,rain
23/3/2015,1105,8.1,11.1,5.6,2.8,186,rain
24/3/2015,1087,7.6,12.8,6.1,3.9,150,rain
25/3/2015,1067,5.1,14.4,7.2,4.4,60,rain
26/3/2015,1077,0,20.6,10,2.2,320,sun
27/3/2015,1114,1,18.3,8.9,4,169,rain
28/3/2015,1008,0,15.6,9.4,5.7,207,sun
29/3/2015,1003,0,15.6,8.9,3,166,sun
30/3/2015,1058,1.8,17.8,10.6,2.9,337,rain
31/3/2015,1117,1,12.8,6.1,4.2,25,rain
1/4/2015,1057,5.1,12.8,5.6,3.2,31,rain
2/4/2015,1011,0,13.3,5.6,2.4,300,sun
3/4/2015,1074,1.5,11.1,5,3.6,227,rain
4/4/2015,1039,0,12.8,3.9,1.7,23,sun
5/4/2015,1056,0,16.7,2.8,2.4,326,sun
6/4/2015,1032,1,13.9,6.7,3.5,319,rain
7/4/2015,999,0.5,14.4,6.7,3.9,340,rain
8/4/2015,1004,0,17.2,6.1,1.7,85,sun
9/4/2015,1034,0,17.2,6.1,2.3,341,sun
10/4/2015,1102,10.9,13.9,7.8,4.6,310,rain
11/4/2015,1127,0,11.7,5.6,6.5,226,sun
12/4/2015,1084,0,13.3,5.6,3.6,177,sun
13/4/2015,1128,14,11.7,3.9,3.6,174,rain
14/4/2015,1031,3.3,11.7,2.8,3.3,103,rain
15/4/2015,1113,0,13.9,3.3,2.4,253,sun
16/4/2015,1050,0,17.8,3.9,3.1,164,sun
17/4/2015,1031,0,18.9,6.1,3.6,276,sun
18/4/2015,1116,0,18.9,8.3,3.9,59,sun
19/4/2015,1123,0,21.1,8.3,3.6,6,sun
20/4/2015,1041,0,22.8,7.8,2.6,14,sun
21/4/2015,1077,5.6,17.2,6.7,3.4,184,rain
22/4/2015,999,0,15.6,5,2.3,149,sun
23/4/2015,1105,3,12.2,6.7,4.1,127,rain
24/4/2015,1101,3.3,12.2,6.1,5,293,rain
25/4/2015,1110,1.3,13.3,5.6,3,287,rain
26/4/2015,1032,0,15.6,4.4,2.7,121,fog
27/4/2015,1066,0.3,25,10.6,2.3,170,rain
28/4/2015,1047,1.8,15.6,8.9,4.3,155,rain
29/4/2015,1021,0,16.1,7.2,4.7,333,sun
30/4/2015,1098,0,17.2,7.8,2.1,274,sun
1/5/2015,1118,0,18.3,8.9,3.7,319,sun
2/5/2015,1017,0,18.3,7.8,3.7,108,sun
3/5/2015,1116,0,20.6,7.8,2.6,85,sun
4/5/2015,1121,0,17.2,7.2,5.2,227,sun
5/5/2015,1051,6.1,14.4,7.2,5.1,174,rain
6/5/2015,1106,0,16.7,7.2,2.6,54,fog
7/5/2015,1081,0,20.6,6.1,3,94,sun
8/5/2015,998,0,23.9,8.3,3,262,sun
9/5/2015,1020,0,26.7,9.4,2.6,336,sun
10/5/2015,1102,0,19.4,11.1,2.8,1,sun
11/5/2015,1051,0,13.9,10,2.5,138,fog
12/5/2015,1109,4.3,15.6,10.6,3.3,352,rain
13/5/2015,1125,4.1,12.2,10,2.8,67,rain
14/5/2015,1069,0.3,17.8,9.4,2,81,rain
15/5/2015,1113,0,20,9.4,2.8,56,fog
16/5/2015,1057,0,15.6,11.1,3,165,sun
17/5/2015,1109,0,19.4,10.6,2.1,262,sun
18/5/2015,1094,0,25.6,12.2,3,131,sun
19/5/2015,1068,0,21.7,11.7,2.6,330,sun
20/5/2015,1010,0,23.3,10.6,1.8,269,fog
21/5/2015,1122,0,25.6,11.7,2.1,286,sun
22/5/2015,1009,0,16.7,11.7,3.7,88,sun
23/5/2015,1125,0,16.1,11.7,2.6,82,sun
24/5/2015,1095,0,17.8,11.1,2.7,114,sun
25/5/2015,1025,0,15.6,11.1,2.7,115,sun
26/5/2015,1049,0,21.7,11.7,2.1,254,sun
27/5/2015,1118,0,24.4,11.7,1.8,118,sun
28/5/2015,1089,0,27.8,12.2,2.1,54,sun
29/5/2015,1006,0,26.1,12.8,2.5,71,sun
30/5/2015,1023,0,22.8,10,2.5,24,sun
31/5/2015,1128,0,25,11.7,2.2,133,sun
1/6/2015,1105,4.6,16.1,11.7,3.4,229,rain
2/6/2015,1122,0.5,17.8,12.8,5,193,rain
3/6/2015,1085,0,20,11.7,3,202,sun
4/6/2015,1117,0,22.8,11.7,3.9,29,sun
5/6/2015,1113,0,26.7,12.8,4.3,354,sun
6/6/2015,1127,0,29.4,13.3,2.6,126,sun
7/6/2015,1027,0,31.1,15.6,3.2,99,sun
8/6/2015,1034,0,30.6,14.4,3.5,132,sun
9/6/2015,1035,0,28.9,14.4,2.7,260,sun
10/6/2015,1069,0,25.6,11.1,3,114,sun
11/6/2015,1039,0,24.4,11.1,3.5,313,sun
12/6/2015,1025,0,20,11.7,2.3,284,sun
13/6/2015,1089,0,23.9,9.4,2.6,56,sun
14/6/2015,1112,0,27.8,11.7,3.7,177,sun
15/6/2015,1028,0,30,16.1,3.5,150,drizzle
16/6/2015,1099,0,22.8,11.1,3,62,sun
17/6/2015,1110,0,25,11.1,3.1,158,sun
18/6/2015,1029,0,24.4,13.9,3,313,sun
19/6/2015,1049,0.5,23.9,13.3,3.2,163,rain
20/6/2015,1120,0,25,12.8,4.3,340,sun
21/6/2015,1128,0,25.6,13.9,3.4,93,sun
22/6/2015,1067,0,25,12.8,2.4,212,sun
23/6/2015,1041,0,26.1,11.7,2.4,317,sun
24/6/2015,999,0,25.6,16.1,2.6,223,sun
25/6/2015,1071,0,30.6,15.6,3,140,sun
26/6/2015,1081,0,31.7,17.8,4.7,89,sun
27/6/2015,1016,0,33.3,17.2,3.9,320,sun
28/6/2015,1050,0.3,28.3,18.3,2.1,186,rain
29/6/2015,1022,0,28.9,17.2,2.7,224,sun
30/6/2015,1064,0,30.6,15,3.4,99,fog
1/7/2015,1029,0,32.2,17.2,4.3,178,sun
2/7/2015,1054,0,33.9,17.8,3.4,49,sun
3/7/2015,1007,0,33.3,17.8,2.6,225,sun
4/7/2015,1095,0,33.3,15,2.9,350,sun
5/7/2015,1124,0,32.8,16.7,2.1,80,sun
6/7/2015,1014,0,29.4,15.6,3.2,214,drizzle
7/7/2015,1070,0,27.2,13.9,2.4,166,sun
8/7/2015,1065,0,30,14.4,1.9,218,drizzle
9/7/2015,1082,0,28.9,14.4,3.4,167,sun
10/7/2015,1049,0,21.1,16.7,3.7,153,sun
11/7/2015,1108,0,22.2,16.7,3,303,sun
12/7/2015,1120,0,26.1,16.7,2.2,140,sun
13/7/2015,1125,0,25.6,16.1,3.1,33,sun
14/7/2015,1036,0,27.8,16.1,3.3,269,sun
15/7/2015,1039,0,26.1,14.4,3.2,125,sun
16/7/2015,1016,0,26.1,15,2.8,159,sun
17/7/2015,1001,0,27.8,13.9,3.3,224,sun
18/7/2015,1022,0,33.3,17.8,3.4,322,sun
19/7/2015,1066,0,35,17.2,3.3,115,sun
20/7/2015,1015,0,26.7,16.7,3.9,290,sun
21/7/2015,1059,0,23.9,15,2.4,184,sun
22/7/2015,1026,0,23.9,13.9,2.8,232,sun
23/7/2015,1054,0,26.1,14.4,1.9,120,sun
24/7/2015,1067,0.3,22.8,13.3,3.8,166,rain
25/7/2015,1108,0,21.1,14.4,2.4,134,fog
26/7/2015,1021,2,22.2,13.9,2.6,67,rain
27/7/2015,1093,0,23.3,12.2,1.9,128,fog
28/7/2015,1093,0,27.8,13.9,3.4,45,sun
29/7/2015,1058,0,32.2,14.4,3.8,130,sun
30/7/2015,1020,0,34.4,17.2,3.5,332,sun
31/7/2015,1066,0,34.4,17.8,2.6,114,sun
1/8/2015,1010,0,33.3,15.6,3.1,51,sun
2/8/2015,1094,0,30.6,16.1,2,38,sun
3/8/2015,1086,0,28.3,17.2,2.3,34,sun
4/8/2015,1071,0,26.1,14.4,2.6,97,fog
5/8/2015,1083,0,23.3,12.2,3.5,128,sun
6/8/2015,1099,0,25,15,2.9,13,sun
7/8/2015,1082,0,28.3,15.6,3.7,275,sun
8/8/2015,1079,0,25,15.6,3.6,196,fog
9/8/2015,1122,0,28.3,15,2.2,303,sun
10/8/2015,1025,0,28.9,16.1,2.4,226,sun
11/8/2015,1006,0,30,16.7,4.4,170,sun
12/8/2015,1007,7.6,28.3,16.7,2.7,341,rain
13/8/2015,1060,0,28.3,15.6,2.2,186,sun
14/8/2015,1097,30.5,18.3,15,5.2,226,rain
15/8/2015,1061,0,21.7,13.9,3.7,256,sun
16/8/2015,1020,0,25,14.4,3.7,101,sun
17/8/2015,1024,0,27.2,13.9,3,278,sun
18/8/2015,1129,0,30,15,3,59,sun
19/8/2015,1117,0,31.7,16.1,2.1,283,drizzle
20/8/2015,1008,2,22.8,14.4,4.2,113,rain
21/8/2015,1125,0,22.2,14.4,2.6,345,sun
22/8/2015,1011,0,26.7,12.2,2.5,336,drizzle
23/8/2015,1051,0,27.8,13.9,1.8,176,drizzle
24/8/2015,1030,0,23.9,12.2,2.3,264,sun
25/8/2015,1075,0,25.6,12.2,3.4,112,sun
26/8/2015,1008,0,28.3,13.9,1.7,132,sun
27/8/2015,1025,0,29.4,14.4,2.1,225,sun
28/8/2015,1057,0.5,23.3,15.6,2.6,10,rain
29/8/2015,1038,32.5,22.2,13.3,5.8,327,rain
30/8/2015,1034,10.2,20,12.8,4.7,296,rain
31/8/2015,1060,0,18.9,16.1,5.8,237,sun
1/9/2015,1062,5.8,19.4,13.9,5,147,rain
2/9/2015,1110,0,19.4,11.1,3.8,158,sun
3/9/2015,1031,0,18.3,10.6,2.9,270,sun
4/9/2015,1020,0,18.3,10,2.9,252,sun
5/9/2015,1046,0.3,20.6,8.9,3.5,196,rain
6/9/2015,1041,5.3,16.1,11.7,2.4,198,rain
7/9/2015,1013,0.3,21.1,13.3,1.5,79,rain
8/9/2015,1065,0,22.8,13.3,2.4,249,sun
9/9/2015,1127,0,24.4,13.9,3.3,228,sun
10/9/2015,1017,0,25,14.4,3.6,3,fog
11/9/2015,1018,0,27.2,15,3.1,150,sun
12/9/2015,1118,0,26.7,14.4,2.1,126,sun
13/9/2015,1082,0.5,20.6,12.8,3,163,rain
14/9/2015,1003,0,16.7,10.6,3.4,67,sun
15/9/2015,1020,0,17.8,10,2.8,74,sun
16/9/2015,1078,1,20,10,1.9,156,rain
17/9/2015,1095,1.8,18.3,12.8,3.8,228,rain
18/9/2015,1026,0,19.4,12.8,2.6,257,sun
19/9/2015,1060,0,21.1,14.4,4.3,210,sun
20/9/2015,1041,4.1,22.8,12.2,6.8,359,rain
21/9/2015,1061,0,18.3,9.4,2.7,186,fog
22/9/2015,1012,0,18.9,7.8,2,337,sun
23/9/2015,1114,0,20.6,8.3,1.8,324,sun
24/9/2015,1005,0,22.2,11.1,2.5,53,fog
25/9/2015,1099,2,15.6,12.8,2.6,275,rain
26/9/2015,1001,0,18.3,10,2.7,-35,sun
27/9/2015,1092,0,17.8,7.2,3.8,223,sun
28/9/2015,1050,0,21.1,9.4,5.1,250,sun
29/9/2015,1114,0,21.7,8.9,1.9,16,sun
30/9/2015,1015,0,18.3,10,1.3,175,fog
1/10/2015,999,0,21.1,9.4,1.3,305,fog
2/10/2015,1085,0,15.6,10,999,136,fog
3/10/2015,1085,0,19.4,11.1,4.8,185,sun
4/10/2015,1001,0,22.8,10,3.7,162,sun
5/10/2015,1023,0,23.3,9.4,1.6,164,sun
6/10/2015,1125,0,18.3,10,2.6,18,drizzle
7/10/2015,1054,9.9,16.1,13.9,2.2,12,rain
8/10/2015,1016,0,18.9,13.3,1.1,301,fog
9/10/2015,1000,0.3,19.4,12.2,2.6,157,rain
10/10/2015,1026,28.7,21.1,13.3,4.7,129,rain
11/10/2015,1087,0,17.8,10.6,2.6,104,sun
12/10/2015,1073,4.6,18.3,10.6,2.8,128,rain
13/10/2015,1021,1.3,16.7,9.4,3.2,13,rain
14/10/2015,1017,0,15,10,5,63,fog
15/10/2015,1101,0,21.1,9.4,3.4,358,fog
16/10/2015,1105,0,20,8.9,1.3,108,sun
17/10/2015,1056,0.3,19.4,11.7,1.3,305,rain
18/10/2015,1057,3.8,15,12.8,2,204,rain
19/10/2015,1061,0.3,17.2,12.2,2.6,246,rain
20/10/2015,1129,0,17.8,10.6,1.8,64,fog
21/10/2015,1040,0,16.1,8.3,1.3,43,fog
22/10/2015,1065,0,16.1,8.9,2.7,154,fog
23/10/2015,1082,0,12.8,7.2,2.6,344,fog
24/10/2015,1002,0,15,8.9,2.9,61,fog
25/10/2015,1099,8.9,19.4,8.9,3.4,76,rain
26/10/2015,1070,6.9,12.2,10,4.6,208,rain
27/10/2015,1083,0,16.1,7.8,1.7,88,fog
28/10/2015,1033,3.3,13.9,11.1,2.8,241,rain
29/10/2015,1041,1.8,15,12.2,4.7,215,rain
30/10/2015,1098,19.3,17.2,11.7,6.7,24,rain
31/10/2015,1016,33,15.6,11.7,7.2,234,rain
1/11/2015,1107,26.2,12.2,8.9,6,247,rain
2/11/2015,1088,0.3,11.1,7.2,2.8,15,rain
3/11/2015,1105,0.8,10.6,5,1.4,315,rain
4/11/2015,1066,0,10,3.3,2.2,120,sun
5/11/2015,1061,1.3,11.7,7.8,2.3,149,rain
6/11/2015,1066,0,15.6,8.3,2.7,187,fog
7/11/2015,1085,12.7,12.2,9.4,3,244,rain
8/11/2015,1014,6.6,11.1,7.8,1.8,328,rain
9/11/2015,1093,3.3,10,5,1.3,257,rain
10/11/2015,1029,1.3,11.1,3.9,3.9,91,rain
11/11/2015,1093,1.5,11.1,6.1,4.6,214,rain
12/11/2015,1000,9.9,11.1,5,5.1,55,rain
13/11/2015,1002,33.5,13.3,9.4,6.5,182,rain
14/11/2015,1098,47.2,9.4,6.1,4.5,27,rain
15/11/2015,1101,22.4,8.9,2.2,4.1,62,rain
16/11/2015,1014,2,8.9,1.7,4,216,rain
17/11/2015,1043,29.5,13.3,6.7,8,66,rain
18/11/2015,1017,1.5,8.9,3.3,3.8,147,rain
19/11/2015,999,2,8.9,2.8,4.2,227,rain
20/11/2015,1117,0,8.3,0.6,4,103,fog
21/11/2015,1096,0,8.9,0.6,4.7,562,sun
22/11/2015,1031,0,10,1.7,3.1,186,fog
23/11/2015,1032,3,6.7,0,1.3,320,rain
24/11/2015,1036,7.1,6.7,2.8,4.5,138,rain
25/11/2015,1101,0,7.2,0,5.7,77,sun
26/11/2015,998,0,9.4,-1,4.3,23,sun
27/11/2015,1130,0,9.4,-1.6,3,277,sun
28/11/2015,1029,0,7.2,-2.7,1,245,sun
29/11/2015,1039,0,1.7,-2.1,0.9,215,fog
30/11/2015,1025,0.5,5.6,-3.8,1.7,120,rain
1/12/2015,1052,12.2,10,3.9,3.5,154,rain
2/12/2015,1058,2.5,10.6,4.4,5,4445,rain
3/12/2015,1046,12.7,15.6,7.8,5.9,223,rain
4/12/2015,1016,2,10.6,6.1,4.7,354,rain
5/12/2015,1103,15.7,10,6.1,4,244,rain
6/12/2015,1018,11.2,12.8,7.2,5.9,350,rain
7/12/2015,1040,27.4,11.1,8.3,3.4,9,rain
8/12/2015,1072,54.1,15.6,10,6.2,155,rain
9/12/2015,1040,13.5,12.2,7.8,6.3,286,rain
10/12/2015,1011,9.4,11.7,6.1,7.5,174,rain
11/12/2015,1029,0.3,9.4,4.4,2.8,342,rain
12/12/2015,1058,16,8.9,5.6,5.6,206,rain
13/12/2015,1024,1.3,7.8,6.1,6.1,23,rain
14/12/2015,1055,0,7.8,1.7,1.7,310,sun
15/12/2015,1102,1.5,6.7,1.1,2.9,20,rain
16/12/2015,1039,3.6,6.1,2.8,2.3,134,rain
17/12/2015,1031,21.8,6.7,3.9,6,15,rain
18/12/2015,1029,18.5,8.9,4.4,5.1,188,rain
19/12/2015,1007,-5,8.3,2.8,4.1,351,fog
20/12/2015,1065,4.3,7.8,4.4,6.7,3,rain
21/12/2015,1069,27.4,5.6,2.8,4.3,106,rain
22/12/2015,1099,4.6,7.8,2.8,5,185,rain
23/12/2015,1004,6.1,5,2.8,7.6,53,rain
24/12/2015,1093,2.5,5.6,2.2,4.3,375,rain
25/12/2015,1031,5.8,5,2.2,1.5,320,rain
26/12/2015,1052,0,4.4,0,2.5,237,sun
27/12/2015,999,8.6,4.4,1.7,2.9,328,rain
28/12/2015,1127,1.5,5,1.7,-16,125,rain
29/12/2015,1012,-2,7.2,0.6,2.6,29,fog
30/12/2015,1050,0,5.6,-1,3.4,232,sun
31/12/2015,1074,0,5.6,-2.1,3.5,306,sun
