,Tshirt,Tank top,Halter top,Turtleneck,Tube top,Sweater
Cluster 1,8392,3001,3988,1993,1132,947
Cluster 2,54767,3768,5448,6685,857,1934
Cluster 3,6511,25316,30419,4236,19425,3756
Cluster 4,6433,26078,24352,1811,15051,1419
Cluster 5,3094,23914,23520,1186,7724,5617
Cluster 6,7863,23165,14924,6438,524,4171
Cluster 7,6102,25537,44594,2216,21278,2079
Cluster 8,104972,29186,19415,16016,5060,9372
Cluster 9,72994,3764,7075,16883,820,995
Cluster 10,52080,3560,8549,16592,1380,2608
Cluster 11,42032,49822,58556,7085,22688,6081
Cluster 12,41204,5525,8119,6457,1576,14621
Cluster 13,38741,40539,20120,35059,255,50710
Cluster 14,35314,16745,12775,66900,1298,5613
Cluster 15,35147,38576,53761,2976,26660,2170
Cluster 16,30514,11242,15558,12267,177,2400
Cluster 17,29641,16830,5887,15867,455,1224
Cluster 18,28333,34263,24065,5575,4229,18076
Cluster 19,22617,77873,32543,1005,21035,837
Cluster 20,21417,8727,35953,42,13453,4135
Cluster 21,18106,1283,22450,5128,4089,14762
Cluster 22,14987,46397,97393,1127,37315,3235
Cluster 23,10306,3294,1956,38106,67,2757
Cluster 24,7852,4939,63081,134,40066,1332
Cluster 25,1354,15761,31280,668,876,2
